index,player_name,player_team,game_date,events,launch_speed,launch_angle,hit_distance_sc,hit_direction,total_dongs
5,Ozzie Albies,ATL,2021-04-30,home_run,102.3,34,424,Left-Center,30
17,Randal Grichuk,TOR,2021-04-30,home_run,105.3,29,417,Left,30
22,Aaron Hicks,NYY,2021-04-30,home_run,101.1,27,420,Left-Center,30
33,AJ Pollock,LAD,2021-04-30,home_run,107.6,23,412,Left-Center,30
46,Tyler O'Neill,STL,2021-04-30,home_run,112.2,36,426,Left-Center,30
60,Joey Votto,CIN,2021-04-30,home_run,113,31,429,Right,30
61,J.D. Martinez,BOS,2021-04-30,home_run,107.9,31,440,Center,30
66,Austin Hays,BAL,2021-04-30,home_run,105.9,23,383,Left,30
67,Alex Bregman,HOU,2021-04-30,home_run,103,27,405,Left,30
106,Jackie Bradley Jr.,MIL,2021-04-30,home_run,100.8,34,391,Right,30
118,Buster Posey,SF,2021-04-30,home_run,103.5,26,384,Right,30
120,Josh Rojas,ARI,2021-04-30,home_run,101.4,29,409,Left-Center,30
124,Kris Bryant,CHC,2021-04-30,home_run,100.8,32,374,Left,30
133,Lourdes Gurriel Jr.,TOR,2021-04-30,home_run,102.9,42,395,Left-Center,30
148,Rougned Odor,NYY,2021-04-30,home_run,102.9,25,402,Right,30
157,Mitch Haniger,SEA,2021-04-30,home_run,106.3,28,434,Center,30
167,Kyle Schwarber,WSH,2021-04-30,home_run,115.4,32,454,Center,30
178,Marcell Ozuna,ATL,2021-04-29,home_run,114.3,25,479,Left,30
183,Brandon Lowe,TB,2021-04-29,home_run,109.6,35,431,Right-Center,30
226,Yermín Mercedes,CWS,2021-04-29,home_run,110.8,31,449,Center,30
227,Jake Marisnick,CHC,2021-04-29,home_run,99.3,36,412,Left,30
269,Brad Miller,PHI,2021-04-28,home_run,103.8,27,388,Right,30
287,Mike Zunino,TB,2021-04-28,home_run,112.8,35,466,Center,30
290,Erik González,PIT,2021-04-28,home_run,109.8,28,453,Left-Center,30
291,Huascar Ynoa,ATL,2021-04-28,home_run,104.4,23,397,Left,30
298,Mitch Garver,MIN,2021-04-28,home_run,108.8,23,407,Left,30
305,Justin Turner,LAD,2021-04-28,home_run,106.2,31,411,Left-Center,30
313,Ozzie Albies,ATL,2021-04-28,home_run,104.4,41,387,Right,30
322,Tyler O'Neill,STL,2021-04-28,home_run,109.2,26,420,Left,30
336,Willians Astudillo,MIN,2021-04-28,home_run,101.7,23,384,Left,30
340,Jorge Polanco,MIN,2021-04-28,home_run,106.3,23,426,Left-Center,30
350,Mitch Garver,MIN,2021-04-28,home_run,109.1,32,413,Left,30
372,Wyatt Mathisen,ARI,2021-04-28,home_run,106.7,27,429,Left-Center,30
373,Josh Donaldson,MIN,2021-04-28,home_run,106.3,28,423,Left-Center,30
383,Marcell Ozuna,ATL,2021-04-28,home_run,107.6,30,453,Left-Center,30
413,Bo Bichette,TOR,2021-04-28,home_run,105.4,26,438,Left-Center,30
420,Carson Kelly,ARI,2021-04-27,home_run,105.3,33,438,Left,30
436,Ronald Acuña Jr.,ATL,2021-04-27,home_run,111.9,27,481,Left-Center,30
437,Franmil Reyes,CLE,2021-04-27,home_run,111.3,22,434,Left-Center,30
448,Kyle Higashioka,NYY,2021-04-27,home_run,104.1,31,396,Right-Center,30
464,Vladimir Guerrero Jr.,TOR,2021-04-27,home_run,108.4,26,415,Left-Center,30
469,Joey Gallo,TEX,2021-04-27,home_run,114.3,22,394,Right,30
500,Franmil Reyes,CLE,2021-04-27,home_run,111.3,33,452,Left,30
501,Jeff McNeil,NYM,2021-04-27,home_run,107.7,29,388,Right,30
506,José Ramírez,CLE,2021-04-27,home_run,108.6,22,411,Right,30
518,Miguel Cabrera,DET,2021-04-27,home_run,110.2,27,445,Left-Center,30
528,C.J. Cron,COL,2021-04-27,home_run,108,26,390,Right,30
536,Ryan McMahon,COL,2021-04-27,home_run,108.4,29,449,Right-Center,30
557,Sean Murphy,OAK,2021-04-27,home_run,112.8,26,454,Left,30
585,Rhys Hoskins,PHI,2021-04-26,home_run,103.3,33,409,Left,30
600,Justin Upton,LAA,2021-04-26,home_run,103,27,412,Left,30
635,Freddie Freeman,ATL,2021-04-26,home_run,99.9,40,385,Right,30
643,Willson Contreras,CHC,2021-04-26,home_run,114.3,24,456,Left-Center,30
674,Jordan Luplow,CLE,2021-04-26,home_run,103.2,34,399,Left,30
681,Cedric Mullins,BAL,2021-04-26,home_run,105.6,28,406,Right,30
729,Bryce Harper,PHI,2021-04-25,home_run,108.8,28,468,Right-Center,30
739,Eduardo Escobar,ARI,2021-04-25,home_run,103.3,26,377,Left,30
740,Kole Calhoun,ARI,2021-04-25,home_run,105.1,29,410,Right-Center,30
755,Nelson Cruz,MIN,2021-04-25,home_run,107.1,30,411,Left-Center,30
774,Stephen Vogt,ARI,2021-04-25,home_run,106.4,29,401,Right,30
775,David Peralta,ARI,2021-04-25,home_run,106.9,26,445,Right-Center,30
779,C.J. Cron,COL,2021-04-25,home_run,107.5,28,447,Left-Center,30
782,José Abreu,CWS,2021-04-25,home_run,110.8,27,416,Left-Center,30
790,Bryce Harper,PHI,2021-04-25,home_run,105.6,34,430,Right-Center,30
792,Jesús Aguilar,MIA,2021-04-25,home_run,104.5,29,397,Left,30
827,Trevor Story,COL,2021-04-25,home_run,104.2,33,433,Left,30
837,Pavin Smith,ARI,2021-04-25,home_run,99.6,35,381,Right,30
852,Rougned Odor,NYY,2021-04-24,home_run,106.2,31,426,Right-Center,30
854,Mike Brosseau,TB,2021-04-24,home_run,102.7,30,390,Left,30
858,Kevin Newman,PIT,2021-04-24,home_run,105.1,24,400,Left,30
859,Ryan McMahon,COL,2021-04-24,home_run,109.5,24,424,Right,30
863,Michael Perez,PIT,2021-04-24,home_run,102.4,32,408,Right,30
897,Jed Lowrie,OAK,2021-04-24,home_run,103.5,34,389,Right,30
911,Mike Zunino,TB,2021-04-24,home_run,106.7,26,389,Left,30
928,Randal Grichuk,TOR,2021-04-24,home_run,103.9,29,407,Left,30
939,Albert Pujols,LAA,2021-04-24,home_run,112.4,21,391,Left,30
953,Mike Yastrzemski,SF,2021-04-24,home_run,105.2,31,400,Right,30
968,Carlos Correa,HOU,2021-04-24,home_run,103.2,37,389,Left,30
985,Ramón Laureano,OAK,2021-04-23,home_run,107.2,30,428,Left-Center,30
991,Jake Marisnick,CHC,2021-04-23,home_run,106.4,21,394,Left,30
994,Randy Arozarena,TB,2021-04-23,home_run,109.5,30,445,Left-Center,30
996,Robbie Grossman,DET,2021-04-23,home_run,105.5,29,396,Left,30
1008,Fernando Tatis Jr.,SD,2021-04-23,home_run,115.9,27,419,Left,30
1009,Carson Kelly,ARI,2021-04-23,home_run,105.5,26,402,Left,30
1014,C.J. Cron,COL,2021-04-23,home_run,106.2,37,414,Right-Center,30
1029,Giancarlo Stanton,NYY,2021-04-23,home_run,118,18,429,Left,30
1032,Trevor Story,COL,2021-04-23,home_run,95,34,373,Left,30
1035,Rougned Odor,NYY,2021-04-23,home_run,103.1,31,385,Right,30
1039,Anthony Rizzo,CHC,2021-04-23,home_run,104.6,26,401,Right-Center,30
1047,Aaron Hicks,NYY,2021-04-23,home_run,105.6,35,397,Left-Center,30
1052,Adolis García,TEX,2021-04-23,home_run,102.1,37,368,Left,30
1055,Fernando Tatis Jr.,SD,2021-04-23,home_run,113.4,27,431,Left-Center,30
1065,Yadier Molina,STL,2021-04-23,home_run,103.5,26,400,Left,30
1074,Garrett Hampson,COL,2021-04-23,home_run,101.4,36,411,Left-Center,30
1078,Willson Contreras,CHC,2021-04-23,home_run,106.7,23,390,Left,30
1084,Kyle Seager,SEA,2021-04-23,home_run,104.3,31,421,Right,30
1086,Xander Bogaerts,BOS,2021-04-23,home_run,100.3,33,409,Left-Center,30
1089,Wil Myers,SD,2021-04-23,home_run,105.1,29,401,Left-Center,30
1113,Rhys Hoskins,PHI,2021-04-23,home_run,104.4,29,439,Left-Center,30
1128,Jazz Chisholm Jr.,MIA,2021-04-23,home_run,110.5,35,427,Right-Center,30
1137,Eugenio Suárez,CIN,2021-04-22,home_run,110.2,27,441,Left-Center,30
1142,Trent Grisham,SD,2021-04-22,home_run,107.6,29,419,Right,30
1159,Pete Alonso,NYM,2021-04-22,home_run,108.6,24,413,Left,30
1206,AJ Pollock,LAD,2021-04-22,home_run,102.5,27,394,Left,30
1217,Jesse Winker,CIN,2021-04-22,home_run,109.6,23,403,Left-Center,30
1265,Jonathan Schoop,DET,2021-04-21,home_run,106.3,25,403,Left,30
1267,Nelson Cruz,MIN,2021-04-21,home_run,110.1,23,422,Left,30
1270,Jorge Soler,KC,2021-04-21,home_run,112.9,25,422,Left,30
1282,Byron Buxton,MIN,2021-04-21,home_run,111,25,423,Left-Center,30
1286,Jace Peterson,MIL,2021-04-21,home_run,101.4,31,387,Right,30
1287,Yonathan Daza,COL,2021-04-21,home_run,100.2,30,415,Left,30
1330,Brandon Lowe,TB,2021-04-21,home_run,108.5,29,432,Right-Center,30
1332,Omar Narváez,MIL,2021-04-21,home_run,103.1,29,399,Right,30
1345,Mike Trout,LAA,2021-04-21,home_run,107.4,32,384,Right,30
1355,Josh Donaldson,MIN,2021-04-21,home_run,110.7,25,412,Left,30
1357,Francisco Lindor,NYM,2021-04-21,home_run,107.6,29,386,Right,30
1360,Pete Alonso,NYM,2021-04-21,home_run,115.4,28,429,Left,30
1384,Buster Posey,SF,2021-04-20,home_run,101.5,40,396,Left,30
1385,Randal Grichuk,TOR,2021-04-20,home_run,99.9,28,379,Left,30
1394,Tommy La Stella,SF,2021-04-20,home_run,100.4,34,390,Right,30
1395,Josh Bell,WSH,2021-04-20,home_run,101,34,386,Right,30
1396,Mike Trout,LAA,2021-04-20,home_run,115.5,25,446,Left-Center,30
1399,J.D. Davis,NYM,2021-04-20,home_run,110.4,27,432,Left-Center,30
1403,Gio Urshela,NYY,2021-04-20,home_run,109,25,437,Center,30
1407,Buster Posey,SF,2021-04-20,home_run,105.1,26,428,Left-Center,30
1413,José Abreu,CWS,2021-04-20,home_run,115.6,25,458,Left,30
1423,Jordan Luplow,CLE,2021-04-20,home_run,105.9,32,381,Left,30
1425,Bo Bichette,TOR,2021-04-20,home_run,105.3,40,380,Left,30
41,Aaron Judge,NYY,2021-04-30,home_run,111.3,26,436,Center,29
43,Alejandro Kirk,TOR,2021-04-30,home_run,109.4,20,428,Left-Center,29
69,Bo Bichette,TOR,2021-04-30,home_run,105,27,420,Right-Center,29
72,Carlos Santana,KC,2021-04-30,home_run,104.9,31,424,Right-Center,29
189,Josh Rojas,ARI,2021-04-29,home_run,95,33,379,Right,29
199,Travis Shaw,MIL,2021-04-29,home_run,97.5,32,373,Right,29
303,Paul Goldschmidt,STL,2021-04-28,home_run,105.4,32,431,Center,29
320,Freddie Freeman,ATL,2021-04-28,home_run,102.3,27,379,Right,29
384,Jorge Mateo,SD,2021-04-28,home_run,109.2,19,405,Left,29
387,Jake Cronenworth,SD,2021-04-28,home_run,108.7,20,409,Right,29
479,Tyrone Taylor,MIL,2021-04-27,home_run,106.2,27,433,Center,29
480,Nick Solak,TEX,2021-04-27,home_run,98,29,380,Left,29
492,Giancarlo Stanton,NYY,2021-04-27,home_run,114.1,27,434,Center,29
525,Jonathan Schoop,DET,2021-04-27,home_run,104.7,25,419,Left-Center,29
545,Yadiel Hernandez,WSH,2021-04-27,home_run,100,30,404,Left-Center,29
555,Brandon Crawford,SF,2021-04-27,home_run,102,30,370,Right,29
592,Dansby Swanson,ATL,2021-04-26,home_run,104.4,29,410,Right-Center,29
656,Nate Lowe,TEX,2021-04-26,home_run,112.7,21,428,Right-Center,29
694,Pete Alonso,NYM,2021-04-25,home_run,109.1,24,439,Center,29
772,Tyler O'Neill,STL,2021-04-25,home_run,104.6,30,419,Right-Center,29
786,Shohei Ohtani,LAA,2021-04-25,home_run,107.1,27,440,Right-Center,29
875,Michael Conforto,NYM,2021-04-24,home_run,107.1,24,376,Right,29
895,Rhys Hoskins,PHI,2021-04-24,home_run,110.1,25,435,Center,29
1106,Raimel Tapia,COL,2021-04-23,home_run,95.5,36,379,Right,29
1112,Giancarlo Stanton,NYY,2021-04-23,home_run,115.7,19,418,Right-Center,29
1126,Yuli Gurriel,HOU,2021-04-23,home_run,98.5,31,380,Left,29
1182,Rafael Devers,BOS,2021-04-22,home_run,108.2,24,427,Right-Center,29
1277,Javier Báez,CHC,2021-04-21,home_run,103.9,29,395,Left-Center,29
1308,Josh VanMeter,ARI,2021-04-21,home_run,99,28,386,Right,29
1374,Carlos Santana,KC,2021-04-21,home_run,104.6,24,379,Right,29
1437,Billy McKinney,MIL,2021-04-20,home_run,104.6,30,419,Right-Center,29
103,Alex Kirilloff,MIN,2021-04-30,home_run,104.5,32,394,Left-Center,28
196,Matt Chapman,OAK,2021-04-29,home_run,103.9,22,382,Left,28
277,Lourdes Gurriel Jr.,TOR,2021-04-28,home_run,100.2,29,383,Right-Center,28
286,Jacob Stallings,PIT,2021-04-28,home_run,100.7,33,402,Left-Center,28
314,Kolten Wong,MIL,2021-04-28,home_run,101.4,36,366,Right,28
468,Trea Turner,WSH,2021-04-27,home_run,101.7,33,413,Left-Center,28
582,Kyle Seager,SEA,2021-04-26,home_run,104.8,26,416,Right-Center,28
601,Kris Bryant,CHC,2021-04-26,home_run,102.3,40,359,Left,28
667,Corey Dickerson,MIA,2021-04-26,home_run,106.3,27,432,Center,28
718,Hunter Dozier,KC,2021-04-25,home_run,109.4,22,396,Left-Center,28
816,Gregory Polanco,PIT,2021-04-25,home_run,109.6,26,419,Right-Center,28
960,Willie Calhoun,TEX,2021-04-24,home_run,104.2,25,418,Right-Center,28
984,Randal Grichuk,TOR,2021-04-23,home_run,107.8,20,443,Center,28
1092,Brandon Nimmo,NYM,2021-04-23,home_run,103.3,29,366,Right,28
108,Matt Carpenter,STL,2021-04-30,home_run,101.1,29,398,Right-Center,27
116,J.D. Martinez,BOS,2021-04-30,home_run,98.8,29,402,Left-Center,27
143,Alejandro Kirk,TOR,2021-04-30,home_run,107,23,435,Center,27
294,Gio Urshela,NYY,2021-04-28,home_run,109.8,20,386,Left,27
419,Brett Phillips,TB,2021-04-27,home_run,105.4,29,417,Left-Center,27
451,Will Smith,LAD,2021-04-27,home_run,106.7,25,425,Left-Center,27
461,Aaron Judge,NYY,2021-04-27,home_run,116.2,19,397,Left-Center,27
596,Albert Pujols,LAA,2021-04-26,home_run,104.3,29,425,Center,27
612,Kyle Lewis,SEA,2021-04-26,home_run,107.7,25,429,Center,27
696,Mike Ford,NYY,2021-04-25,home_run,109.1,20,409,Right-Center,27
734,Austin Hays,BAL,2021-04-25,home_run,104.9,27,390,Right-Center,27
847,Jon Berti,MIA,2021-04-24,home_run,103.7,29,406,Left-Center,27
893,Kyle Seager,SEA,2021-04-24,triple,103.7,37,406,Right-Center,27
927,Rhys Hoskins,PHI,2021-04-24,home_run,98.7,31,408,Right-Center,27
988,Nick Solak,TEX,2021-04-23,home_run,103,32,383,Left-Center,27
998,Kolten Wong,MIL,2021-04-23,home_run,98.9,29,398,Right-Center,27
1237,Salvador Perez,KC,2021-04-21,single,107.1,24,392,Right-Center,27
1246,Justin Upton,LAA,2021-04-21,home_run,116.5,18,370,Left,27
1266,Shohei Ohtani,LAA,2021-04-21,home_run,107.2,38,402,Right-Center,27
1268,Matt Olson,OAK,2021-04-21,home_run,107.8,33,421,Center,27
1305,Yuli Gurriel,HOU,2021-04-21,home_run,99.8,25,397,Left-Center,27
1333,Hunter Dozier,KC,2021-04-21,home_run,104.6,22,384,Left,27
1372,Kyle Tucker,HOU,2021-04-21,field_out,103.2,33,409,Right-Center,27
1378,Phillip Evans,PIT,2021-04-21,home_run,107.9,21,419,Left-Center,27
1419,Trey Mancini,BAL,2021-04-20,home_run,105.5,27,422,Center,27
52,Eugenio Suárez,CIN,2021-04-30,home_run,107.6,33,423,Center,26
139,Sean Murphy,OAK,2021-04-30,home_run,104,31,408,Right-Center,26
191,Matt Carpenter,STL,2021-04-29,home_run,97.3,30,387,Right-Center,26
259,Jose Trevino,TEX,2021-04-29,home_run,101.9,26,411,Left-Center,26
317,Luis Torrens,SEA,2021-04-28,home_run,107.7,22,426,Left-Center,26
433,Vladimir Guerrero Jr.,TOR,2021-04-27,home_run,110.5,20,436,Center,26
609,José Iglesias,LAA,2021-04-26,home_run,100.7,31,409,Left-Center,26
707,Tyler O'Neill,STL,2021-04-25,home_run,107.2,33,423,Center,26
908,Sam Haggerty,SEA,2021-04-24,home_run,103,28,406,Left-Center,26
950,Manny Piña,MIL,2021-04-24,home_run,100.4,31,388,Left-Center,26
1048,Willians Astudillo,MIN,2021-04-23,home_run,95.7,28,376,Left,26
1053,Austin Riley,ATL,2021-04-23,home_run,105.7,26,432,Center,26
1260,Seth Brown,OAK,2021-04-21,home_run,98,29,356,Right,26
1311,Darin Ruf,SF,2021-04-21,home_run,108.5,26,423,Center,26
1326,Matt Olson,OAK,2021-04-21,home_run,106.2,39,382,Right-Center,26
79,Cedric Mullins,BAL,2021-04-30,home_run,93.9,34,355,Right,25
147,Teoscar Hernández,TOR,2021-04-30,home_run,108.4,22,427,Center,25
222,Isiah Kiner-Falefa,TEX,2021-04-29,home_run,103,26,423,Center,25
453,Brandon Belt,SF,2021-04-27,home_run,107,25,364,Right,25
535,Nick Solak,TEX,2021-04-27,home_run,105.1,28,422,Center,25
551,Garrett Hampson,COL,2021-04-27,home_run,105.1,29,422,Center,25
677,Jesse Winker,CIN,2021-04-26,home_run,101.9,26,375,Left,25
877,Willi Castro,DET,2021-04-24,home_run,100.4,35,362,Right,25
989,Nick Castellanos,CIN,2021-04-23,home_run,108.1,25,421,Left-Center,25
1038,Javier Báez,CHC,2021-04-23,home_run,103.4,32,413,Left-Center,25
1056,Marcus Semien,TOR,2021-04-23,home_run,102.7,27,413,Left-Center,25
1320,Niko Goodrum,DET,2021-04-21,home_run,105.7,31,394,Left-Center,25
1430,Xander Bogaerts,BOS,2021-04-20,home_run,102.1,28,408,Left-Center,25
365,Jesús Aguilar,MIA,2021-04-28,home_run,98.2,38,367,Left,24
534,Vladimir Guerrero Jr.,TOR,2021-04-27,home_run,103.9,25,375,Right,24
562,Paul Goldschmidt,STL,2021-04-27,double,100.4,29,383,Right-Center,24
812,Pavin Smith,ARI,2021-04-25,triple,99.4,32,404,Right-Center,24
861,Kyle Seager,SEA,2021-04-24,double,106.4,25,425,Right-Center,24
1234,Jorge Soler,KC,2021-04-21,double,109.6,33,393,Left-Center,24
1241,Carlos Santana,KC,2021-04-21,field_out,103.6,35,393,Right-Center,24
1401,Freddy Galvis,BAL,2021-04-20,home_run,104.3,21,369,Right,24
1414,Mitch Moreland,OAK,2021-04-20,home_run,104.9,21,405,Right-Center,24
57,Rafael Devers,BOS,2021-04-30,home_run,105.6,21,390,Left-Center,23
82,Aaron Judge,NYY,2021-04-30,home_run,100,45,357,Right,23
355,Austin Riley,ATL,2021-04-28,home_run,112.2,20,371,Left,23
418,Byron Buxton,MIN,2021-04-27,home_run,96,36,390,Left-Center,23
497,Ryan Zimmerman,WSH,2021-04-27,home_run,100.1,26,363,Right,23
687,Jesse Winker,CIN,2021-04-25,home_run,104.1,31,381,Left-Center,23
1005,Guillermo Heredia,ATL,2021-04-23,double,105.9,21,386,Left,23
1102,J.T. Realmuto,PHI,2021-04-23,triple,96.8,30,366,Right,23
1351,Xander Bogaerts,BOS,2021-04-21,home_run,95.5,28,356,Left,23
75,Dylan Moore,SEA,2021-04-30,home_run,102.9,31,393,Left-Center,22
327,Clint Frazier,NYY,2021-04-28,home_run,101.2,31,389,Left-Center,22
485,Adrian Houser,MIL,2021-04-27,home_run,109,23,418,Right-Center,22
615,Carlos Santana,KC,2021-04-26,home_run,96.4,31,356,Right,22
672,Cedric Mullins,BAL,2021-04-26,home_run,106,25,418,Center,22
686,Yuli Gurriel,HOU,2021-04-25,home_run,99.9,26,394,Left-Center,22
843,Fernando Tatis Jr.,SD,2021-04-24,home_run,105.2,28,414,Left-Center,22
901,Shohei Ohtani,LAA,2021-04-24,home_run,108.3,33,413,Center,22
971,Garrett Hampson,COL,2021-04-24,triple,104.9,25,414,Left-Center,22
1180,Albert Pujols,LAA,2021-04-22,home_run,97.8,32,345,Right,22
1196,Joey Votto,CIN,2021-04-22,home_run,104.1,34,395,Left-Center,22
1211,Kyle Higashioka,NYY,2021-04-22,home_run,105.6,25,420,Center,22
1344,Adolis García,TEX,2021-04-21,home_run,104.5,34,411,Center,22
93,Alex Kirilloff,MIN,2021-04-30,home_run,105.5,29,416,Center,21
345,Fernando Tatis Jr.,SD,2021-04-28,sac_fly,100.6,33,381,Right-Center,21
566,Rhys Hoskins,PHI,2021-04-26,home_run,98.6,36,399,Left-Center,21
646,Brent Rooker,MIN,2021-04-26,home_run,107.7,25,412,Right-Center,21
835,Sheldon Neuse,LAD,2021-04-25,home_run,103.1,33,400,Left-Center,21
955,Jason Heyward,CHC,2021-04-24,home_run,107.5,23,418,Right-Center,21
979,Fernando Tatis Jr.,SD,2021-04-24,home_run,103.7,35,383,Left-Center,21
1049,Eric Sogard,CHC,2021-04-23,field_out,94.7,34,362,Right,21
1379,José Iglesias,LAA,2021-04-21,home_run,104.5,29,417,Center,21
1444,Seth Brown,OAK,2021-04-20,double,99.4,37,368,Right,21
44,Shohei Ohtani,LAA,2021-04-30,home_run,97,34,364,Right,20
679,Akil Baddoo,DET,2021-04-26,triple,97.1,30,383,Left-Center,20
728,Ramón Laureano,OAK,2021-04-25,home_run,109.6,28,405,Left-Center,20
743,Fernando Tatis Jr.,SD,2021-04-25,home_run,104.2,30,408,Right-Center,20
983,J.T. Realmuto,PHI,2021-04-23,field_out,92.8,37,352,Right,20
1011,Jake Cave,MIN,2021-04-23,home_run,101.9,30,371,Left,20
238,Yoán Moncada,CWS,2021-04-29,home_run,109.2,20,380,Right,19
680,Corey Seager,LAD,2021-04-26,home_run,105.4,28,412,Center,19
753,David Dahl,TEX,2021-04-25,home_run,99.7,27,377,Right-Center,19
886,Alex Bregman,HOU,2021-04-24,home_run,97,29,387,Left-Center,19
992,Billy McKinney,MIL,2021-04-23,home_run,101,28,415,Center,19
1031,Yoán Moncada,CWS,2021-04-23,home_run,108.5,23,407,Left-Center,19
1175,Mitch Haniger,SEA,2021-04-22,home_run,104.1,28,396,Right-Center,19
1201,Jesse Winker,CIN,2021-04-22,home_run,104.8,24,415,Center,19
1421,Brad Miller,PHI,2021-04-20,home_run,97.8,29,384,Right-Center,19
1440,Wilmer Flores,SF,2021-04-20,home_run,100.7,38,367,Left,19
151,José Ramírez,CLE,2021-04-30,home_run,96.2,33,356,Right,18
309,Shohei Ohtani,LAA,2021-04-28,double,105,22,378,Left,18
364,Josh Bell,WSH,2021-04-28,home_run,103.6,26,372,Left,18
511,Jon Berti,MIA,2021-04-27,home_run,104.2,25,413,Center,18
660,Salvador Perez,KC,2021-04-26,double,104.5,26,389,Right-Center,18
1015,J.D. Martinez,BOS,2021-04-23,home_run,98.2,35,343,Right,18
1301,Austin Meadows,TB,2021-04-21,double,110.3,20,350,Right,18
104,Xander Bogaerts,BOS,2021-04-30,home_run,102.6,23,405,Left-Center,17
443,Phillip Evans,PIT,2021-04-27,field_out,100.6,38,372,Left-Center,17
593,Sean Murphy,OAK,2021-04-26,home_run,102.9,40,367,Left,17
1023,Mike Brosseau,TB,2021-04-23,field_out,101.8,35,390,Left-Center,17
1317,Andrew Benintendi,KC,2021-04-21,field_out,102.8,29,384,Left-Center,17
165,Miguel Rojas,MIA,2021-04-30,field_out,101,35,373,Left-Center,16
343,Mike Ford,NYY,2021-04-28,home_run,98.3,30,344,Left,16
462,Jesús Aguilar,MIA,2021-04-27,home_run,103.1,25,394,Right-Center,16
1081,Rowdy Tellez,TOR,2021-04-23,double,105,21,408,Right-Center,16
1426,Tim Anderson,CWS,2021-04-20,home_run,105.5,29,407,Right-Center,16
1449,Scott Schebler,LAA,2021-04-20,double,100.2,29,352,Left,16
1454,Willians Astudillo,MIN,2021-04-20,field_out,99.7,32,369,Left,16
70,Clint Frazier,NYY,2021-04-30,home_run,106.7,20,364,Left,15
224,Javier Báez,CHC,2021-04-29,triple,107.1,39,382,Right-Center,15
839,J.D. Davis,NYM,2021-04-24,field_out,100.6,34,349,Right,15
1018,Ryan O'Hearn,KC,2021-04-23,home_run,107.2,23,358,Right,15
1244,Willy Adames,TB,2021-04-21,field_out,105.8,37,391,Right-Center,15
3,Mitch Moreland,OAK,2021-04-30,home_run,108,20,406,Right-Center,14
324,Amed Rosario,CLE,2021-04-28,home_run,97.5,25,362,Right,14
410,Byron Buxton,MIN,2021-04-28,home_run,97.7,32,350,Right,14
416,Niko Goodrum,DET,2021-04-27,home_run,105.3,40,368,Right-Center,14
669,Buster Posey,SF,2021-04-26,home_run,103.5,40,405,Center,14
766,Ryan McMahon,COL,2021-04-25,field_out,102.4,39,407,Center,14
773,J.D. Davis,NYM,2021-04-25,home_run,101.9,30,406,Center,14
1057,Adolis García,TEX,2021-04-23,home_run,104.1,21,405,Left-Center,14
1098,Jesús Aguilar,MIA,2021-04-23,home_run,99.8,40,353,Left,14
1119,Mitch Haniger,SEA,2021-04-23,double,105.8,22,374,Left,14
1197,Carson Kelly,ARI,2021-04-22,home_run,107,23,378,Left-Center,14
463,Alec Bohm,PHI,2021-04-27,field_out,101.8,31,383,Right-Center,13
476,Bobby Dalbec,BOS,2021-04-27,home_run,105.2,31,390,Right-Center,13
1198,Sheldon Neuse,LAD,2021-04-22,home_run,108.7,37,399,Center,13
1417,Bobby Dalbec,BOS,2021-04-20,triple,101.3,28,404,Right-Center,13
1451,Andrew Young,ARI,2021-04-20,home_run,115.9,17,414,Center,13
279,Josh Harrison,WSH,2021-04-28,home_run,98.4,31,407,Center,12
709,Franmil Reyes,CLE,2021-04-25,home_run,107.5,39,342,Right,12
868,Aaron Hicks,NYY,2021-04-24,home_run,103,25,395,Right-Center,12
959,Jesús Aguilar,MIA,2021-04-24,home_run,110.6,16,407,Left-Center,12
1044,Andrew Benintendi,KC,2021-04-23,home_run,98.9,35,361,Left,12
1143,Nick Castellanos,CIN,2021-04-22,home_run,96.8,31,349,Left,12
1145,JaCoby Jones,DET,2021-04-22,home_run,105.5,21,381,Right-Center,12
1338,Joey Votto,CIN,2021-04-21,field_out,95.8,30,352,Right,12
659,Garrett Cooper,MIA,2021-04-26,home_run,106.5,21,412,Center,11
760,Marcus Semien,TOR,2021-04-25,field_out,100.3,33,390,Right-Center,11
872,José Ramírez,CLE,2021-04-24,triple,102.5,37,377,Right-Center,11
1337,Bryce Harper,PHI,2021-04-21,home_run,110.7,19,395,Right-Center,11
42,Nick Senzel,CIN,2021-04-30,home_run,102.2,21,367,Left,10
112,Andrew Benintendi,KC,2021-04-30,field_out,103.7,33,391,Left-Center,10
123,Dylan Carlson,STL,2021-04-30,double,102.6,45,362,Right,10
361,Kyle Lewis,SEA,2021-04-28,home_run,108.3,21,377,Left-Center,10
426,Yuli Gurriel,HOU,2021-04-27,double,103.2,24,411,Center,10
457,Stephen Piscotty,OAK,2021-04-27,field_out,102.3,29,407,Center,10
483,Sandy León,MIA,2021-04-27,single,101.3,25,345,Right,10
530,Ramón Laureano,OAK,2021-04-27,field_out,105.1,37,391,Left-Center,10
560,Jesse Winker,CIN,2021-04-27,home_run,102.3,23,402,Right-Center,10
651,Albert Pujols,LAA,2021-04-26,field_out,102.7,27,401,Right-Center,10
717,Michael Conforto,NYM,2021-04-25,double,101,26,364,Left,10
1030,Jason Heyward,CHC,2021-04-23,triple,102.4,27,407,Center,10
1294,Mickey Moniak,PHI,2021-04-21,home_run,103.9,23,372,Left-Center,10
240,Ryan McMahon,COL,2021-04-29,field_out,98.2,29,355,Left,9
326,Willy Adames,TB,2021-04-28,field_out,103.3,34,402,Center,9
421,Pat Valaika,BAL,2021-04-27,field_out,101.8,30,374,Right-Center,9
741,Guillermo Heredia,ATL,2021-04-25,field_out,92.4,36,353,Left,9
768,Franmil Reyes,CLE,2021-04-25,triple,102.6,24,407,Center,9
842,Andrew Knizner,STL,2021-04-24,double,103.2,31,393,Left-Center,9
948,Trevor Story,COL,2021-04-24,sac_fly,91,39,348,Left,9
1013,Wilmer Flores,SF,2021-04-23,field_out,96.1,40,346,Left,9
1025,Mike Yastrzemski,SF,2021-04-23,home_run,98.7,36,358,Left,9
1108,Nick Castellanos,CIN,2021-04-23,field_out,97.8,31,338,Right,9
1141,Todd Frazier,PIT,2021-04-22,field_out,110.5,19,409,Center,9
1183,Eduardo Escobar,ARI,2021-04-22,double,98.3,32,387,Left-Center,9
30,J.D. Davis,NYM,2021-04-30,double,99.8,35,361,Right,8
188,Clint Frazier,NYY,2021-04-29,field_out,101.1,37,369,Right-Center,8
257,Anthony Rizzo,CHC,2021-04-29,field_out,98,35,364,Right-Center,8
691,Kyle Schwarber,WSH,2021-04-25,field_out,103.7,25,407,Center,8
853,Joey Votto,CIN,2021-04-24,field_out,107.9,40,400,Center,8
975,Bryce Harper,PHI,2021-04-24,double,100.1,21,362,Left,8
1240,Nelson Cruz,MIN,2021-04-21,home_run,105.3,31,398,Center,8
1256,Yandy Díaz,TB,2021-04-21,field_out,101.5,24,397,Right-Center,8
1284,Nate Lowe,TEX,2021-04-21,field_out,103,21,367,Right,8
1336,Nate Lowe,TEX,2021-04-21,home_run,100.5,31,394,Right-Center,8
6,Tom Murphy,SEA,2021-04-30,home_run,100.9,25,390,Right-Center,7
11,Albert Pujols,LAA,2021-04-30,field_out,100.2,28,380,Left-Center,7
553,Trea Turner,WSH,2021-04-27,home_run,98.4,23,366,Left,7
664,José Ramírez,CLE,2021-04-26,home_run,101.2,25,340,Right,7
785,Austin Hays,BAL,2021-04-25,home_run,108.3,20,396,Left-Center,7
820,Kole Calhoun,ARI,2021-04-25,single,95.1,26,340,Right,7
1066,Sam Hilliard,COL,2021-04-23,single,113.4,17,378,Right-Center,7
1364,Yadiel Hernandez,WSH,2021-04-21,field_out,106,27,373,Left-Center,7
25,David Bote,CHC,2021-04-30,field_out,105.1,37,378,Left-Center,6
184,Harold Castro,DET,2021-04-29,field_out,101.3,36,400,Center,6
493,Alex Kirilloff,MIN,2021-04-27,single,103.7,22,364,Left,6
599,Aaron Judge,NYY,2021-04-26,field_out,107,33,386,Right-Center,6
692,Victor Reyes,DET,2021-04-25,field_out,101.5,30,406,Center,6
829,Maikel Franco,BAL,2021-04-25,home_run,100.5,30,383,Left-Center,6
1164,Jose Rojas,LAA,2021-04-22,double,101.4,31,378,Left-Center,6
1214,Jonathan India,CIN,2021-04-22,home_run,103.1,24,388,Right-Center,6
39,Nate Lowe,TEX,2021-04-30,field_out,99.1,25,370,Left-Center,5
185,Trey Mancini,BAL,2021-04-29,home_run,110.5,19,394,Left-Center,5
219,Taylor Trammell,SEA,2021-04-29,home_run,94.7,28,359,Right,5
281,Austin Hedges,CLE,2021-04-28,field_out,101.4,32,394,Left-Center,5
296,Travis Shaw,MIL,2021-04-28,field_out,95.2,40,332,Right,5
472,Freddie Freeman,ATL,2021-04-27,field_out,98.1,38,348,Left,5
780,Chris Taylor,LAD,2021-04-25,home_run,100.5,29,390,Right-Center,5
1080,Dom Nuñez,COL,2021-04-23,field_out,96.5,34,375,Left-Center,5
230,Travis Shaw,MIL,2021-04-29,field_out,95,39,332,Right,4
342,Johan Camargo,ATL,2021-04-28,field_out,99,41,348,Left,4
488,Kyle Tucker,HOU,2021-04-27,field_out,101.8,27,402,Center,4
523,Chris Taylor,LAD,2021-04-27,field_out,102.7,28,367,Right-Center,4
563,Jake Bauers,CLE,2021-04-27,double,100.4,21,368,Right,4
576,Matt Beaty,LAD,2021-04-26,field_out,95.2,27,349,Right,4
604,Ryan Mountcastle,BAL,2021-04-26,double,106.8,19,389,Right-Center,4
620,Jared Walsh,LAA,2021-04-26,double,103.6,23,403,Center,4
661,Nolan Arenado,STL,2021-04-26,field_out,100.1,33,387,Left-Center,4
833,Bryce Harper,PHI,2021-04-25,field_out,100.8,25,402,Center,4
1063,Alex Blandino,CIN,2021-04-23,field_out,95.9,30,373,Left-Center,4
1130,Pavin Smith,ARI,2021-04-23,field_out,106.1,25,403,Center,4
1363,Austin Riley,ATL,2021-04-21,home_run,100.6,35,361,Right-Center,4
1404,Yonathan Daza,COL,2021-04-20,double,101.2,24,393,Right-Center,4
128,Matt Adams,COL,2021-04-30,field_out,98.5,30,397,Center,3
134,José Ramírez,CLE,2021-04-30,field_out,100.1,28,398,Center,3
193,Wilson Ramos,DET,2021-04-29,field_out,97.8,31,336,Right,3
218,Jackie Bradley Jr.,MIL,2021-04-29,double,95.4,27,339,Right,3
422,Francisco Mejía,TB,2021-04-27,single,103.1,21,401,Right-Center,3
490,Eduardo Escobar,ARI,2021-04-27,field_out,101.1,25,399,Center,3
580,Bryce Harper,PHI,2021-04-26,field_out,101.1,29,397,Center,3
791,Jacob Stallings,PIT,2021-04-25,double,103,25,390,Left-Center,3
909,Justin Turner,LAD,2021-04-24,field_out,99.1,31,371,Right-Center,3
1046,Tyler Stephenson,CIN,2021-04-23,field_out,96.2,34,333,Right,3
1051,Ryan Mountcastle,BAL,2021-04-23,field_out,97.7,37,359,Left-Center,3
1259,Eugenio Suárez,CIN,2021-04-21,single,101.3,25,368,Left-Center,3
1261,Andrew Benintendi,KC,2021-04-21,field_out,100.4,26,376,Right-Center,3
1376,Rhys Hoskins,PHI,2021-04-21,field_out,103,37,399,Center,3
16,Eddie Rosario,CLE,2021-04-30,field_out,95.3,33,337,Left,2
78,Martín Maldonado,HOU,2021-04-30,field_out,100.4,39,369,Left-Center,2
126,Joey Votto,CIN,2021-04-30,double,100.9,38,347,Left,2
180,Alex Verdugo,BOS,2021-04-29,double,101,27,402,Center,2
200,Adolis García,TEX,2021-04-29,sac_fly,104.2,26,402,Center,2
202,DJ Stewart,BAL,2021-04-29,field_out,95,34,347,Left-Center,2
270,Yuli Gurriel,HOU,2021-04-28,double,101.7,26,380,Right-Center,2
374,Mike Minor,KC,2021-04-28,field_out,95.7,38,349,Left,2
389,Garrett Hampson,COL,2021-04-28,field_out,99.7,41,342,Left,2
434,Josh Naylor,CLE,2021-04-27,double,99.8,32,381,Left-Center,2
558,Josh Rojas,ARI,2021-04-27,field_out,95.4,41,336,Right,2
559,Ozzie Albies,ATL,2021-04-27,double,101.4,24,396,Left-Center,2
653,Mark Canha,OAK,2021-04-26,field_out,101.5,35,393,Center,2
670,Kurt Suzuki,LAA,2021-04-26,field_out,100,47,324,Left,2
702,Gio Urshela,NYY,2021-04-25,home_run,103,23,382,Center,2
723,David Peralta,ARI,2021-04-25,field_out,100.2,32,371,Left-Center,2
733,Rhys Hoskins,PHI,2021-04-25,field_out,90.2,41,343,Left,2
819,Matt Olson,OAK,2021-04-25,field_out,98.6,28,339,Left,2
846,C.J. Cron,COL,2021-04-24,field_out,95.7,27,366,Left-Center,2
913,Tyler Naquin,CIN,2021-04-24,field_out,98.8,31,330,Left,2
967,Tommy La Stella,SF,2021-04-24,field_out,95.7,38,327,Left,2
977,Kyle Tucker,HOU,2021-04-24,home_run,95.3,30,341,Left,2
1033,Adam Eaton,CWS,2021-04-23,double,98.5,32,360,Left-Center,2
1043,Wilmer Difo,PIT,2021-04-23,field_out,98.4,37,347,Left,2
1174,Wil Myers,SD,2021-04-22,field_out,101.9,36,371,Left-Center,2
1199,David Peralta,ARI,2021-04-22,home_run,111.8,16,401,Right-Center,2
1224,Niko Goodrum,DET,2021-04-21,field_out,106.1,27,388,Right-Center,2
1412,Pete Alonso,NYM,2021-04-20,field_out,94.3,33,353,Left,2
98,Anthony Rendon,LAA,2021-04-30,double,96.9,26,379,Left-Center,1
110,Alex Kirilloff,MIN,2021-04-30,field_out,106.1,25,403,Center,1
130,David Bote,CHC,2021-04-30,single,104,21,361,Right,1
220,Zack Collins,CWS,2021-04-29,double,103.5,23,357,Left,1
246,Kyle Seager,SEA,2021-04-29,double,100.2,29,377,Left-Center,1
335,Michael Conforto,NYM,2021-04-28,field_out,98.1,34,339,Left,1
346,Alex Jackson,ATL,2021-04-28,field_out,88.7,37,346,Left,1
356,Xander Bogaerts,BOS,2021-04-28,double,101.6,22,370,Left-Center,1
489,Jared Walsh,LAA,2021-04-27,double,107.3,19,384,Left-Center,1
521,Gleyber Torres,NYY,2021-04-27,field_out,103.5,41,354,Left-Center,1
537,Yoán Moncada,CWS,2021-04-27,field_out,97.6,30,352,Left-Center,1
597,Josh Naylor,CLE,2021-04-26,double,107.2,18,377,Left-Center,1
614,Mookie Betts,LAD,2021-04-26,field_out,97.3,42,334,Left-Center,1
616,Robbie Grossman,DET,2021-04-26,double,109,20,339,Right,1
624,Freddy Galvis,BAL,2021-04-26,double,99,28,370,Left-Center,1
625,Kurt Suzuki,LAA,2021-04-26,field_out,95.1,48,321,Left,1
675,Jason Heyward,CHC,2021-04-26,field_out,96.1,28,344,Left,1
683,Freddy Galvis,BAL,2021-04-25,double,94.4,26,375,Left-Center,1
704,Pavin Smith,ARI,2021-04-25,single,90.1,26,335,Right,1
807,Mickey Moniak,PHI,2021-04-25,field_out,93.5,31,359,Left-Center,1
826,Jose Rojas,LAA,2021-04-25,double,95.4,34,324,Left,1
838,Gio Urshela,NYY,2021-04-24,field_out,98,29,384,Left-Center,1
883,Matt Olson,OAK,2021-04-24,double,98.9,27,367,Left-Center,1
925,Yasmani Grandal,CWS,2021-04-24,field_out,104.3,31,390,Center,1
965,Matt Olson,OAK,2021-04-24,field_out,99.9,43,331,Left-Center,1
986,Eugenio Suárez,CIN,2021-04-23,field_out,104,36,385,Right-Center,1
1045,Kyle Lewis,SEA,2021-04-23,double,106.9,19,371,Right-Center,1
1050,Yasmani Grandal,CWS,2021-04-23,field_out,98.9,44,318,Left,1
1110,Cavan Biggio,TOR,2021-04-23,field_out,93.3,37,356,Right-Center,1
1116,Nick Maton,PHI,2021-04-23,double,102,23,379,Left-Center,1
1124,Brandon Nimmo,NYM,2021-04-23,double,101.8,24,369,Left-Center,1
1157,Michael Conforto,NYM,2021-04-22,double,102.9,26,399,Center,1
1178,Akil Baddoo,DET,2021-04-22,double,100.8,33,353,Left-Center,1
1189,Curt Casali,SF,2021-04-22,field_out,99.7,38,357,Left-Center,1
1194,Adam Duvall,MIA,2021-04-22,field_out,100.4,35,382,Center,1
1216,Pavin Smith,ARI,2021-04-22,field_out,99.9,31,383,Left-Center,1
1313,Rafael Devers,BOS,2021-04-21,double,102.5,25,370,Left-Center,1
1362,Wilmer Flores,SF,2021-04-21,double,107.4,19,369,Left-Center,1
1,Martín Maldonado,HOU,2021-04-30,field_out,98.4,19,341,Center,0
2,Myles Straw,HOU,2021-04-30,field_out,90.4,26,345,Center,0
4,Yandy Díaz,TB,2021-04-30,field_out,100.5,28,359,Right-Center,0
7,Brandon Lowe,TB,2021-04-30,double,105.5,17,347,Left-Center,0
8,Francisco Lindor,NYM,2021-04-30,field_out,102.7,27,370,Center,0
9,Kyle Tucker,HOU,2021-04-30,field_out,104.4,18,363,Center,0
10,José Iglesias,LAA,2021-04-30,field_out,92.8,29,344,Left,0
12,Jake Cronenworth,SD,2021-04-30,double,107.4,19,308,Right,0
13,Chris Taylor,LAD,2021-04-30,field_out,103.4,19,338,Center,0
14,Josh VanMeter,ARI,2021-04-30,field_out,93.4,42,329,Center,0
15,Joey Gallo,TEX,2021-04-30,field_out,101.4,46,323,Right-Center,0
18,Mark Canha,OAK,2021-04-30,field_out,106.3,18,342,Center,0
19,Pavin Smith,ARI,2021-04-30,field_out,86.4,31,300,Left,0
20,Manny Machado,SD,2021-04-30,field_out,84.9,24,305,Left-Center,0
21,Luis Torrens,SEA,2021-04-30,field_out,96.6,19,327,Right-Center,0
23,Gregory Polanco,PIT,2021-04-30,field_out,101.7,16,304,Left-Center,0
24,Brock Holt,TEX,2021-04-30,double_play,89.6,28,323,Right,0
26,Dominic Smith,NYM,2021-04-30,field_out,96.4,25,354,Center,0
27,Steven Duggar,SF,2021-04-30,double,102.4,20,359,Left-Center,0
28,Elias Díaz,COL,2021-04-30,field_out,99,17,367,Center,0
29,Kyle Lewis,SEA,2021-04-30,field_out,87.8,38,310,Right-Center,0
31,Willi Castro,DET,2021-04-30,field_out,87.7,35,319,Left-Center,0
32,Anthony Rendon,LAA,2021-04-30,field_out,89,31,332,Left-Center,0
34,Martín Maldonado,HOU,2021-04-30,triple,94.2,24,315,Left,0
35,Trey Mancini,BAL,2021-04-30,field_out,108.5,16,330,Right-Center,0
36,Pablo López,MIA,2021-04-30,field_out,100.6,17,303,Center,0
37,Andrew Knizner,STL,2021-04-30,field_out,98.4,22,342,Right-Center,0
38,Alex Dickerson,SF,2021-04-30,field_out,93.1,27,352,Right-Center,0
40,Charlie Blackmon,COL,2021-04-30,field_out,100.9,16,325,Center,0
45,David Peralta,ARI,2021-04-30,field_out,91.5,19,328,Right-Center,0
47,Travis d'Arnaud,ATL,2021-04-30,field_out,88.7,30,316,Right,0
48,Paul DeJong,STL,2021-04-30,field_out,95.9,19,301,Left-Center,0
49,DJ LeMahieu,NYY,2021-04-30,field_out,98.6,22,343,Right-Center,0
50,Pat Valaika,BAL,2021-04-30,field_out,90.9,29,313,Right,0
51,Francisco Lindor,NYM,2021-04-30,field_out,84.8,30,308,Center,0
53,Christian Vázquez,BOS,2021-04-30,field_out,92.5,36,322,Right-Center,0
54,Mike Moustakas,CIN,2021-04-30,field_out,94.3,38,312,Center,0
55,Jake Cronenworth,SD,2021-04-30,field_out,89,38,313,Left,0
56,Ryan Mountcastle,BAL,2021-04-30,field_out,96.4,32,327,Right,0
58,Xander Bogaerts,BOS,2021-04-30,field_out,97.1,30,375,Right-Center,0
59,Steven Duggar,SF,2021-04-30,field_out,99.8,45,319,Center,0
62,Rougned Odor,NYY,2021-04-30,field_out,101.2,36,346,Right-Center,0
63,Brandon Crawford,SF,2021-04-30,field_out,95.3,26,346,Right,0
64,Albert Pujols,LAA,2021-04-30,field_out,95,26,347,Right,0
65,Manny Machado,SD,2021-04-30,field_out,95.7,20,331,Right-Center,0
68,Garrett Cooper,MIA,2021-04-30,field_out,88.7,43,303,Right-Center,0
71,Franchy Cordero,BOS,2021-04-30,field_out,88.9,28,307,Left,0
73,Matt Beaty,LAD,2021-04-30,field_out,98.6,43,317,Right-Center,0
74,Miguel Rojas,MIA,2021-04-30,field_out,90.1,37,312,Left-Center,0
76,Whit Merrifield,KC,2021-04-30,field_out,95.8,45,314,Left,0
77,Elias Díaz,COL,2021-04-30,field_out,91.3,27,321,Right,0
80,Gleyber Torres,NYY,2021-04-30,field_out,103.6,25,402,Center,0
81,Myles Straw,HOU,2021-04-30,sac_fly,94.1,31,350,Right-Center,0
83,Jake Marisnick,CHC,2021-04-30,double,106,17,351,Right-Center,0
84,Aaron Hicks,NYY,2021-04-30,field_out,106.8,22,392,Center,0
85,Bobby Dalbec,BOS,2021-04-30,field_out,96.9,45,300,Right,0
86,Alejandro Kirk,TOR,2021-04-30,field_out,94.5,18,312,Center,0
87,Kevin Newman,PIT,2021-04-30,field_out,101.6,12,305,Center,0
88,Charlie Blackmon,COL,2021-04-30,field_out,98.2,23,363,Left-Center,0
89,Kris Bryant,CHC,2021-04-30,double,105.9,21,362,Left-Center,0
90,Elvis Andrus,OAK,2021-04-30,field_out,94.8,33,343,Right-Center,0
91,Jeimer Candelario,DET,2021-04-30,field_out,100,25,372,Left-Center,0
92,Alex Verdugo,BOS,2021-04-30,field_out,92.6,34,347,Right,0
94,Pete Alonso,NYM,2021-04-30,field_out,113.9,17,312,Left-Center,0
95,Jorge Polanco,MIN,2021-04-30,field_out,98.6,30,373,Right-Center,0
96,Victor Caratini,SD,2021-04-30,field_out,95,36,331,Right,0
97,Seth Brown,OAK,2021-04-30,field_out,97.3,32,366,Right-Center,0
99,Adam Duvall,MIA,2021-04-30,field_out,100.9,50,301,Right,0
100,Tommy Edman,STL,2021-04-30,field_out,88.8,34,310,Center,0
101,Kyle Seager,SEA,2021-04-30,field_out,94.1,33,354,Left-Center,0
102,Elias Díaz,COL,2021-04-30,field_out,98.4,31,393,Center,0
105,Joey Wendle,TB,2021-04-30,field_out,94.8,20,320,Left,0
107,Byron Buxton,MIN,2021-04-30,field_out,102.2,17,318,Right,0
109,David Peralta,ARI,2021-04-30,field_out,94.7,21,357,Right-Center,0
111,Trea Turner,WSH,2021-04-30,field_out,99,33,367,Left-Center,0
113,Lourdes Gurriel Jr.,TOR,2021-04-30,field_out,87.9,26,323,Left-Center,0
114,Javier Báez,CHC,2021-04-30,sac_fly,90.4,30,335,Left-Center,0
115,Justin Turner,LAD,2021-04-30,field_out,86.8,32,320,Right-Center,0
117,Ozzie Albies,ATL,2021-04-30,field_out,83.3,43,302,Left-Center,0
119,Giancarlo Stanton,NYY,2021-04-30,double,115.7,10,333,Right-Center,0
121,Curt Casali,SF,2021-04-30,field_out,96.4,39,331,Center,0
122,Chris Taylor,LAD,2021-04-30,field_out,99,43,325,Right,0
125,Hunter Renfroe,BOS,2021-04-30,field_out,97.4,35,357,Right-Center,0
127,Carlos Correa,HOU,2021-04-30,double,103.6,22,397,Center,0
129,Aaron Hicks,NYY,2021-04-30,field_out,95.7,47,326,Right-Center,0
131,Jesús Aguilar,MIA,2021-04-30,field_out,98.2,42,328,Center,0
132,Nico Hoerner,CHC,2021-04-30,field_out,98.3,31,331,Right,0
135,Manuel Margot,TB,2021-04-30,field_out,91.4,26,338,Right-Center,0
136,Trey Mancini,BAL,2021-04-30,field_out,101.6,28,378,Center,0
137,DJ Stewart,BAL,2021-04-30,field_out,96.4,28,359,Left-Center,0
138,Bobby Dalbec,BOS,2021-04-30,field_out,84.9,36,306,Left,0
140,Daniel Vogelbach,MIL,2021-04-30,field_out,88.1,30,324,Right-Center,0
141,Luis Urías,MIL,2021-04-30,field_out,97.7,44,326,Center,0
142,Miguel Rojas,MIA,2021-04-30,field_out,90.7,35,341,Left-Center,0
144,Rhys Hoskins,PHI,2021-04-30,field_out,88.4,28,305,Right,0
145,Pete Alonso,NYM,2021-04-30,field_out,99,25,340,Right-Center,0
146,Jackie Bradley Jr.,MIL,2021-04-30,field_out,95.2,25,347,Left,0
149,Rio Ruiz,BAL,2021-04-30,field_out,94.1,44,306,Left-Center,0
150,Yordan Alvarez,HOU,2021-04-30,field_out,94.9,38,334,Center,0
152,Adam Duvall,MIA,2021-04-30,field_out,83.1,34,307,Left-Center,0
153,Gio Urshela,NYY,2021-04-30,field_out,100.9,42,321,Center,0
154,Jed Lowrie,OAK,2021-04-30,field_out,99.4,39,345,Center,0
155,Tom Murphy,SEA,2021-04-30,double,101.8,17,315,Right-Center,0
156,Robbie Grossman,DET,2021-04-30,field_out,85.7,28,323,Right-Center,0
158,Travis Shaw,MIL,2021-04-30,field_out,98.7,46,316,Center,0
159,Jordan Luplow,CLE,2021-04-30,field_out,100.6,23,378,Right-Center,0
160,Willie Calhoun,TEX,2021-04-30,field_out,100.7,17,364,Right-Center,0
161,Whit Merrifield,KC,2021-04-30,field_out,97.2,37,358,Left-Center,0
162,Willson Contreras,CHC,2021-04-30,field_out,89.3,30,336,Left-Center,0
163,Kurt Suzuki,LAA,2021-04-30,field_out,91.9,25,338,Left,0
164,Andrew McCutchen,PHI,2021-04-30,field_out,100.5,24,357,Center,0
166,Santiago Espinal,TOR,2021-04-30,double,90.2,26,317,Right,0
168,Mark Canha,OAK,2021-04-30,field_out,97.3,33,372,Left-Center,0
169,Hunter Renfroe,BOS,2021-04-30,field_out,99.8,20,319,Right,0
170,Chance Sisco,BAL,2021-04-30,field_out,87.4,38,318,Right-Center,0
171,Tommy Pham,SD,2021-04-30,field_out,98.8,32,379,Center,0
172,Luis Urías,MIL,2021-04-29,field_out,87.1,34,332,Left-Center,0
173,Christian Vázquez,BOS,2021-04-29,field_out,85.5,23,300,Center,0
174,Carlos Correa,HOU,2021-04-29,double,107.5,12,318,Right-Center,0
175,Travis d'Arnaud,ATL,2021-04-29,field_out,88.1,24,303,Left,0
176,Jeimer Candelario,DET,2021-04-29,field_out,89.8,32,349,Right-Center,0
177,Nate Lowe,TEX,2021-04-29,field_out,94.2,23,338,Left-Center,0
179,Alec Bohm,PHI,2021-04-29,field_out,98.8,26,364,Right-Center,0
181,Paul Goldschmidt,STL,2021-04-29,field_out,86,27,319,Center,0
182,Ronald Acuña Jr.,ATL,2021-04-29,field_out,88.2,25,331,Center,0
186,Yoán Moncada,CWS,2021-04-29,double,91.7,28,331,Right,0
187,Austin Hays,BAL,2021-04-29,field_out,89.5,39,328,Right-Center,0
190,Tim Anderson,CWS,2021-04-29,field_out,95.7,24,348,Left-Center,0
192,Ozzie Albies,ATL,2021-04-29,double,101.6,26,362,Right-Center,0
194,Aledmys Díaz,HOU,2021-04-29,field_out,97.8,47,307,Left-Center,0
195,Jose Trevino,TEX,2021-04-29,field_out,97,40,335,Left-Center,0
197,Rafael Devers,BOS,2021-04-29,field_out,87.5,40,307,Right,0
198,David Peralta,ARI,2021-04-29,triple,98.6,15,317,Left-Center,0
201,AJ Pollock,LAD,2021-04-29,field_out,98.6,20,325,Center,0
203,Jeimer Candelario,DET,2021-04-29,field_out,96.2,44,305,Right-Center,0
204,J.T. Realmuto,PHI,2021-04-29,double,106.9,18,349,Right-Center,0
205,Pedro Severino,BAL,2021-04-29,single,100.1,19,356,Right,0
206,Rhys Hoskins,PHI,2021-04-29,field_out,105.7,18,337,Center,0
207,Austin Meadows,TB,2021-04-29,field_out,93.2,35,348,Right,0
208,Javier Báez,CHC,2021-04-29,sac_fly,103.5,34,371,Right-Center,0
209,Justin Turner,LAD,2021-04-29,field_out,99.7,45,328,Right-Center,0
210,Tommy Edman,STL,2021-04-29,field_out,97.4,22,348,Right,0
211,Austin Hays,BAL,2021-04-29,field_out,88.2,39,318,Right-Center,0
212,Andrew Vaughn,CWS,2021-04-29,double,107.8,19,373,Left-Center,0
213,Luis Urías,MIL,2021-04-29,field_out,92.4,26,331,Center,0
214,Gary Sánchez,NYY,2021-04-29,field_out,94.2,18,306,Left-Center,0
215,Pat Valaika,BAL,2021-04-29,field_out,97.2,29,369,Right-Center,0
216,Hunter Renfroe,BOS,2021-04-29,field_out,96.2,17,308,Center,0
217,Gleyber Torres,NYY,2021-04-29,double,97.5,23,361,Left-Center,0
221,Willson Contreras,CHC,2021-04-29,sac_fly,89.3,28,343,Center,0
223,Rhys Hoskins,PHI,2021-04-29,double_play,101.9,40,335,Center,0
225,Yermín Mercedes,CWS,2021-04-29,field_out,99.3,39,346,Right-Center,0
228,José Abreu,CWS,2021-04-29,field_out,95.7,20,311,Right-Center,0
229,Yermín Mercedes,CWS,2021-04-29,field_out,88.4,23,319,Right-Center,0
231,Mookie Betts,LAD,2021-04-29,field_out,93.7,35,345,Right-Center,0
232,Rhys Hoskins,PHI,2021-04-29,field_out,97.8,23,361,Center,0
233,Xander Bogaerts,BOS,2021-04-29,field_out,95,22,342,Right-Center,0
234,Ronald Acuña Jr.,ATL,2021-04-29,field_out,92.9,26,333,Right-Center,0
235,Ryan McMahon,COL,2021-04-29,field_out,83.1,34,315,Right,0
236,Austin Meadows,TB,2021-04-29,double,82.3,35,309,Right-Center,0
237,Matt Chapman,OAK,2021-04-29,double,106.7,17,368,Right-Center,0
239,Jonathan Schoop,DET,2021-04-29,field_out,95.2,42,308,Right-Center,0
241,Sean Murphy,OAK,2021-04-29,field_out,82.9,35,313,Left,0
242,Chas McCormick,HOU,2021-04-29,field_out,88.2,40,318,Center,0
243,Ty France,SEA,2021-04-29,field_out,97.1,24,370,Center,0
244,Dylan Carlson,STL,2021-04-29,field_out,90.2,31,330,Center,0
245,Daniel Vogelbach,MIL,2021-04-29,field_out,98.8,46,323,Center,0
247,Wyatt Mathisen,ARI,2021-04-29,field_out,92.5,30,365,Center,0
248,Giancarlo Stanton,NYY,2021-04-29,field_out,101.6,40,345,Right-Center,0
249,Paul Goldschmidt,STL,2021-04-29,field_out,97.9,42,320,Right-Center,0
250,Nick Heath,ARI,2021-04-29,field_out,89.5,35,340,Right-Center,0
251,Kolten Wong,MIL,2021-04-29,field_out,98.7,29,390,Center,0
252,Eduardo Escobar,ARI,2021-04-29,triple,98.6,17,331,Right-Center,0
253,AJ Pollock,LAD,2021-04-29,field_out,92.8,28,364,Left-Center,0
254,Manuel Margot,TB,2021-04-29,field_out,100.8,18,376,Center,0
255,Garrett Hampson,COL,2021-04-29,field_out,89,21,313,Left-Center,0
256,Adam Eaton,CWS,2021-04-29,field_out,100.8,25,393,Center,0
258,Sam Haggerty,SEA,2021-04-29,field_out,91.2,27,301,Left,0
260,Isiah Kiner-Falefa,TEX,2021-04-29,field_out,98.9,19,344,Right-Center,0
261,Pavin Smith,ARI,2021-04-29,field_out,101.3,15,304,Center,0
262,Nick Ahmed,ARI,2021-04-29,field_out,89.1,32,361,Center,0
263,Ronald Acuña Jr.,ATL,2021-04-29,field_out,95.1,25,350,Left-Center,0
264,Aramis Garcia,OAK,2021-04-28,field_out,87.9,30,324,Center,0
265,Todd Frazier,PIT,2021-04-28,double,100.8,20,366,Right-Center,0
266,Jackie Bradley Jr.,MIL,2021-04-28,field_out,103.2,18,360,Center,0
267,Josh Naylor,CLE,2021-04-28,field_out,92.2,40,314,Left,0
268,Vimael Machín,OAK,2021-04-28,field_out,99.4,25,391,Center,0
271,José Ramírez,CLE,2021-04-28,field_out,100.6,24,389,Center,0
272,Nick Maton,PHI,2021-04-28,field_out,93.7,30,364,Center,0
273,Kyle Tucker,HOU,2021-04-28,field_out,101.6,17,346,Center,0
274,Ryan McMahon,COL,2021-04-28,field_out,100.7,21,390,Center,0
275,Danny Jansen,TOR,2021-04-28,field_out,90.4,48,301,Left-Center,0
276,Alex Bregman,HOU,2021-04-28,field_out,92.4,30,337,Right-Center,0
278,Nico Hoerner,CHC,2021-04-28,field_out,94,41,333,Center,0
280,Cedric Mullins,BAL,2021-04-28,field_out,93.4,22,342,Center,0
282,Clint Frazier,NYY,2021-04-28,double,106.4,14,302,Left-Center,0
283,Jose Altuve,HOU,2021-04-28,field_out,87.8,26,327,Center,0
284,Jorge Soler,KC,2021-04-28,field_out,82.2,27,300,Left,0
285,Salvador Perez,KC,2021-04-28,double,101.6,17,325,Right,0
288,David Fletcher,LAA,2021-04-28,field_out,87.2,38,311,Center,0
289,Amed Rosario,CLE,2021-04-28,double,92.5,34,314,Right,0
292,Jackie Bradley Jr.,MIL,2021-04-28,field_out,92.7,26,342,Center,0
293,Carlos Santana,KC,2021-04-28,field_out,100.3,19,342,Center,0
295,Chas McCormick,HOU,2021-04-28,field_out,84,34,314,Right-Center,0
297,José Ramírez,CLE,2021-04-28,field_out,97.3,46,325,Right-Center,0
299,Seth Brown,OAK,2021-04-28,field_out,95.2,22,365,Right-Center,0
300,George Springer,TOR,2021-04-28,field_out,86.4,25,320,Center,0
301,Carlos Correa,HOU,2021-04-28,field_out,105.2,17,360,Right-Center,0
302,Anthony Rendon,LAA,2021-04-28,double_play,99.1,42,353,Left-Center,0
304,Matt Chapman,OAK,2021-04-28,field_out,95.7,43,317,Right-Center,0
306,C.J. Cron,COL,2021-04-28,field_out,91.5,24,338,Center,0
307,Manuel Margot,TB,2021-04-28,field_out,99.7,14,308,Left-Center,0
308,Trevor Story,COL,2021-04-28,field_out,101.1,17,328,Right-Center,0
310,Hunter Dozier,KC,2021-04-28,triple,102.8,16,319,Left-Center,0
311,Michael Brantley,HOU,2021-04-28,field_out,102,21,391,Center,0
312,Andrew Knizner,STL,2021-04-28,field_out,85.8,25,318,Left-Center,0
315,Freddie Freeman,ATL,2021-04-28,double,102.4,17,331,Right-Center,0
316,Jeff McNeil,NYM,2021-04-28,single,100,17,300,Center,0
318,Eric Hosmer,SD,2021-04-28,field_out,103.1,18,349,Left-Center,0
319,Brent Rooker,MIN,2021-04-28,field_out,88.4,41,316,Left,0
321,Trea Turner,WSH,2021-04-28,double,91.5,28,330,Right,0
323,Tony Kemp,OAK,2021-04-28,double,97.1,23,326,Right,0
325,Aaron Hicks,NYY,2021-04-28,field_out,95.1,26,368,Right-Center,0
328,Billy McKinney,MIL,2021-04-28,field_out,85.2,27,303,Right,0
329,Evan White,SEA,2021-04-28,field_out,90.8,29,348,Left-Center,0
330,Salvador Perez,KC,2021-04-28,single,107.3,16,329,Right,0
331,Christian Vázquez,BOS,2021-04-28,double,94.8,20,332,Right-Center,0
332,Jorge Soler,KC,2021-04-28,double,106.1,15,322,Right-Center,0
333,Trent Grisham,SD,2021-04-28,field_out,93.2,37,355,Center,0
334,Josh Bell,WSH,2021-04-28,field_out,97.6,26,385,Center,0
337,Ryan Mountcastle,BAL,2021-04-28,field_out,95.3,35,370,Left-Center,0
338,Charlie Blackmon,COL,2021-04-28,field_out,89.5,30,342,Left-Center,0
339,Eugenio Suárez,CIN,2021-04-28,field_out,94.9,23,356,Center,0
341,Chris Taylor,LAD,2021-04-28,triple,97.2,26,339,Right,0
344,Evan Longoria,SF,2021-04-28,field_out,94.8,42,316,Right-Center,0
347,Asdrúbal Cabrera,ARI,2021-04-28,field_out,98.5,39,367,Left-Center,0
348,Fernando Tatis Jr.,SD,2021-04-28,double,103.8,19,367,Left-Center,0
349,Colin Moran,PIT,2021-04-28,field_out,98.3,27,352,Left-Center,0
351,Max Muncy,LAD,2021-04-28,field_out,99.5,28,378,Left-Center,0
352,Kevin Newman,PIT,2021-04-28,field_out,94.7,30,362,Center,0
353,Eric Sogard,CHC,2021-04-28,field_out,89.8,24,303,Left,0
354,Josh Harrison,WSH,2021-04-28,field_out,98.8,36,387,Center,0
357,Jake Marisnick,CHC,2021-04-28,field_out,103.2,21,383,Center,0
358,Jonah Heim,TEX,2021-04-28,field_out,90.4,27,313,Right,0
359,Nick Ahmed,ARI,2021-04-28,double,88.9,25,309,Left,0
360,Mike Ford,NYY,2021-04-28,field_out,100,24,370,Center,0
362,Dansby Swanson,ATL,2021-04-28,field_out,102,18,322,Center,0
363,Kyle Seager,SEA,2021-04-28,double,100.4,24,378,Right-Center,0
366,Jordan Luplow,CLE,2021-04-28,field_out,100.1,37,382,Center,0
367,Pete Alonso,NYM,2021-04-28,field_out,83.5,33,316,Left-Center,0
368,Alec Bohm,PHI,2021-04-28,double,101.8,22,321,Left,0
369,Jose Altuve,HOU,2021-04-28,field_out,106.3,18,345,Center,0
370,Aaron Hicks,NYY,2021-04-28,sac_fly,101.9,48,323,Right-Center,0
371,Jordan Luplow,CLE,2021-04-28,field_out,92.1,19,306,Right-Center,0
375,Nick Solak,TEX,2021-04-28,double,92.4,28,321,Right,0
376,Wilmer Difo,PIT,2021-04-28,field_out,95.9,19,318,Left-Center,0
377,Nelson Cruz,MIN,2021-04-28,single,105.8,19,343,Right,0
378,Eduardo Escobar,ARI,2021-04-28,field_out,93.5,37,356,Right-Center,0
379,Austin Nola,SD,2021-04-28,field_out,95.3,28,356,Left-Center,0
380,Mookie Betts,LAD,2021-04-28,field_out,90.9,38,316,Center,0
381,Willson Contreras,CHC,2021-04-28,field_out,100.8,40,343,Right,0
382,Dansby Swanson,ATL,2021-04-28,field_out,87.9,22,320,Left-Center,0
385,Josh Bell,WSH,2021-04-28,field_out,80.9,32,302,Left-Center,0
386,Nicky Lopez,KC,2021-04-28,field_out,88.6,33,314,Left,0
388,Lourdes Gurriel Jr.,TOR,2021-04-28,field_out,103.3,23,344,Left,0
390,Gleyber Torres,NYY,2021-04-28,field_out,93.9,36,330,Right,0
391,Manuel Margot,TB,2021-04-28,double,106.7,12,320,Right-Center,0
392,Miguel Rojas,MIA,2021-04-28,field_out,97.2,39,336,Left-Center,0
393,Asdrúbal Cabrera,ARI,2021-04-28,double,102.5,23,336,Right,0
394,Tommy Edman,STL,2021-04-28,single,99.4,15,302,Left-Center,0
395,Jacob Stallings,PIT,2021-04-28,field_out,93,43,304,Right-Center,0
396,Josh Harrison,WSH,2021-04-28,field_out,84.6,33,314,Right,0
397,Starlin Castro,WSH,2021-04-28,field_out,94.7,36,324,Right,0
398,Cedric Mullins,BAL,2021-04-28,field_out,90.1,29,343,Center,0
399,Elias Díaz,COL,2021-04-28,double,100,20,372,Left-Center,0
400,Willie Calhoun,TEX,2021-04-28,field_out,93.5,40,327,Left-Center,0
401,Keston Hiura,MIL,2021-04-28,double,105.9,24,396,Center,0
402,DJ LeMahieu,NYY,2021-04-28,field_out,91.3,29,324,Right,0
403,Santiago Espinal,TOR,2021-04-28,field_out,93.6,25,360,Center,0
404,Ha-Seong Kim,SD,2021-04-28,field_out,82.4,24,314,Left-Center,0
405,Omar Narváez,MIL,2021-04-28,field_out,87.2,40,309,Center,0
406,Austin Barnes,LAD,2021-04-28,field_out,97.4,20,354,Center,0
407,Garrett Hampson,COL,2021-04-28,field_out,99.1,20,323,Right-Center,0
408,Willie Calhoun,TEX,2021-04-28,field_out,102.7,15,314,Right,0
409,David Dahl,TEX,2021-04-28,field_out,98.1,44,331,Left-Center,0
411,Ty France,SEA,2021-04-28,field_out,84.8,23,300,Left-Center,0
412,Gavin Lux,LAD,2021-04-28,field_out,90,37,328,Center,0
414,Jose Altuve,HOU,2021-04-28,field_out,87.8,33,342,Left-Center,0
415,JaCoby Jones,DET,2021-04-27,field_out,101.4,26,387,Center,0
417,Wilson Ramos,DET,2021-04-27,double,108.7,16,319,Right-Center,0
423,Andrew Knizner,STL,2021-04-27,field_out,99.2,15,305,Center,0
424,Anthony Rizzo,CHC,2021-04-27,field_out,98.7,31,371,Right-Center,0
425,Kyle Seager,SEA,2021-04-27,field_out,87,35,316,Center,0
427,Yordan Alvarez,HOU,2021-04-27,field_out,97.7,44,316,Left-Center,0
428,Jorge Soler,KC,2021-04-27,field_out,114.7,17,359,Left-Center,0
429,Trent Grisham,SD,2021-04-27,field_out,101.7,39,352,Right-Center,0
430,Ozzie Albies,ATL,2021-04-27,double,95.4,26,354,Right,0
431,Randal Grichuk,TOR,2021-04-27,field_out,99.8,49,310,Center,0
432,Rowdy Tellez,TOR,2021-04-27,field_out,107.6,45,367,Right-Center,0
435,DJ Stewart,BAL,2021-04-27,field_out,102.6,15,307,Center,0
438,Dominic Smith,NYM,2021-04-27,field_out,95.6,33,373,Center,0
439,Martín Maldonado,HOU,2021-04-27,field_out,102.3,22,362,Center,0
440,Bo Bichette,TOR,2021-04-27,field_out,97,44,351,Center,0
441,Jed Lowrie,OAK,2021-04-27,field_out,93.9,35,362,Center,0
442,Cavan Biggio,TOR,2021-04-27,sac_fly,90.1,35,343,Center,0
444,Jake Cronenworth,SD,2021-04-27,field_out,98.9,22,351,Left-Center,0
445,Elvis Andrus,OAK,2021-04-27,field_out,87.2,24,300,Right-Center,0
446,Pat Valaika,BAL,2021-04-27,field_out,96.2,30,343,Right-Center,0
447,Jordan Luplow,CLE,2021-04-27,field_out,84.2,31,320,Right-Center,0
449,Kyle Farmer,CIN,2021-04-27,double,102.6,24,371,Right-Center,0
450,Buster Posey,SF,2021-04-27,field_out,105.3,22,371,Right-Center,0
452,Kyle Lewis,SEA,2021-04-27,field_out,105,20,325,Left-Center,0
454,Zach Eflin,PHI,2021-04-27,field_out,89.7,29,313,Right-Center,0
455,Carson Kelly,ARI,2021-04-27,field_out,95.2,37,339,Right-Center,0
456,Jake Cave,MIN,2021-04-27,double,101.3,19,332,Left-Center,0
458,Gleyber Torres,NYY,2021-04-27,double,106.8,15,332,Left-Center,0
459,Trent Grisham,SD,2021-04-27,field_out,99.1,45,306,Right-Center,0
460,Yandy Díaz,TB,2021-04-27,field_out,84.7,24,318,Center,0
465,Nolan Arenado,STL,2021-04-27,double,105.2,18,367,Left-Center,0
466,Kole Calhoun,ARI,2021-04-27,field_out,95.3,29,374,Center,0
467,Willson Contreras,CHC,2021-04-27,field_out,98.6,16,335,Center,0
470,Paul Goldschmidt,STL,2021-04-27,field_out,93.3,27,311,Right,0
471,Austin Slater,SF,2021-04-27,field_out,92.8,35,306,Right,0
473,Omar Narváez,MIL,2021-04-27,double,101.9,23,380,Center,0
474,J.T. Realmuto,PHI,2021-04-27,field_error,98.8,28,373,Right-Center,0
475,Jose Altuve,HOU,2021-04-27,field_out,96.2,23,351,Center,0
477,Pat Valaika,BAL,2021-04-27,field_out,93,37,308,Right-Center,0
478,Nick Castellanos,CIN,2021-04-27,double,105.5,16,321,Left-Center,0
481,Brad Miller,PHI,2021-04-27,single,107.6,18,314,Right-Center,0
482,Nick Heath,ARI,2021-04-27,field_error,87.9,25,319,Left-Center,0
484,Kevin Pillar,NYM,2021-04-27,field_out,95.6,32,368,Center,0
486,Luis Urías,MIL,2021-04-27,double,105.1,20,355,Right-Center,0
487,Jackie Bradley Jr.,MIL,2021-04-27,field_out,95.4,41,328,Center,0
491,Tommy La Stella,SF,2021-04-27,field_out,87.3,27,331,Center,0
494,Tyler O'Neill,STL,2021-04-27,field_out,95.2,44,303,Right,0
495,Edmundo Sosa,STL,2021-04-27,field_out,97,33,362,Center,0
496,Erik González,PIT,2021-04-27,field_out,92.6,21,303,Right-Center,0
498,Starlin Castro,WSH,2021-04-27,field_out,99.6,26,375,Center,0
499,Yuli Gurriel,HOU,2021-04-27,field_out,100.3,34,361,Left-Center,0
502,Alec Bohm,PHI,2021-04-27,field_out,94.1,36,329,Center,0
503,Sean Murphy,OAK,2021-04-27,field_out,95,42,311,Center,0
504,Nelson Cruz,MIN,2021-04-27,triple,93,29,334,Right,0
505,Akil Baddoo,DET,2021-04-27,field_out,87,34,334,Right-Center,0
507,Wil Myers,SD,2021-04-27,field_out,98.4,43,345,Right-Center,0
508,Wilmer Flores,SF,2021-04-27,field_out,94.8,23,349,Left,0
509,Nolan Arenado,STL,2021-04-27,double,99.5,18,304,Left-Center,0
510,Yordan Alvarez,HOU,2021-04-27,double,100.6,22,345,Left-Center,0
512,Maikel Franco,BAL,2021-04-27,field_out,96.7,21,338,Right-Center,0
513,Keston Hiura,MIL,2021-04-27,triple,91.5,37,316,Right,0
514,Keston Hiura,MIL,2021-04-27,field_out,97.7,41,341,Center,0
515,Matt Olson,OAK,2021-04-27,field_out,90.4,40,309,Left,0
516,Salvador Perez,KC,2021-04-27,field_out,102.9,18,320,Center,0
517,David Peralta,ARI,2021-04-27,field_out,87.5,27,352,Center,0
519,Omar Narváez,MIL,2021-04-27,field_out,86.2,24,303,Left-Center,0
520,David Peralta,ARI,2021-04-27,double_play,106.3,11,322,Center,0
522,J.T. Realmuto,PHI,2021-04-27,sac_fly,103.8,38,378,Center,0
524,Pablo Reyes,MIL,2021-04-27,field_out,92.9,21,332,Left-Center,0
526,Ty France,SEA,2021-04-27,field_out,96.9,34,360,Center,0
527,Nick Senzel,CIN,2021-04-27,field_out,95.3,35,317,Right,0
529,Sandy León,MIA,2021-04-27,field_out,88.3,31,334,Left,0
531,Jesús Aguilar,MIA,2021-04-27,sac_fly,89.6,23,308,Right-Center,0
532,Gio Urshela,NYY,2021-04-27,sac_fly,95,25,352,Right-Center,0
533,Andrés Giménez,CLE,2021-04-27,field_out,88.4,34,328,Center,0
538,Randy Arozarena,TB,2021-04-27,double,99.3,21,326,Right,0
539,Buster Posey,SF,2021-04-27,single,96.3,29,316,Right,0
540,Niko Goodrum,DET,2021-04-27,field_out,95.5,39,336,Right,0
541,Matt Olson,OAK,2021-04-27,field_out,98.1,48,309,Left-Center,0
542,Alex Avila,WSH,2021-04-27,field_out,85.5,32,308,Left-Center,0
543,Buster Posey,SF,2021-04-27,double,101.3,21,300,Right,0
544,David Fletcher,LAA,2021-04-27,double,89.4,29,338,Left,0
546,Omar Narváez,MIL,2021-04-27,field_out,88.3,32,338,Right,0
547,Albert Pujols,LAA,2021-04-27,field_out,94.6,28,370,Center,0
548,Pat Valaika,BAL,2021-04-27,field_out,94.5,31,350,Right-Center,0
549,Mitch Haniger,SEA,2021-04-27,field_out,93.8,28,332,Right,0
550,Marcell Ozuna,ATL,2021-04-27,field_out,87.5,26,328,Left-Center,0
552,Jon Berti,MIA,2021-04-27,field_out,84.1,31,305,Right-Center,0
554,Mauricio Dubón,SF,2021-04-27,field_out,90.2,29,339,Center,0
556,Josh Harrison,WSH,2021-04-27,field_out,89.4,30,316,Right,0
561,Adolis García,TEX,2021-04-27,field_out,84.3,31,323,Left-Center,0
564,J.T. Realmuto,PHI,2021-04-26,field_out,98.7,34,363,Right-Center,0
565,Victor Reyes,DET,2021-04-26,field_out,102.1,21,377,Center,0
567,Paul DeJong,STL,2021-04-26,field_out,97.5,21,336,Right,0
568,Yadier Molina,STL,2021-04-26,field_out,89.2,27,333,Right-Center,0
569,Akil Baddoo,DET,2021-04-26,field_out,98.2,30,330,Left-Center,0
570,Jose Altuve,HOU,2021-04-26,single,108.6,20,355,Left-Center,0
571,Odúbel Herrera,PHI,2021-04-26,field_out,98.9,20,313,Left,0
572,Alec Bohm,PHI,2021-04-26,field_out,87.3,23,309,Right-Center,0
573,Garrett Cooper,MIA,2021-04-26,double,112.5,16,376,Left-Center,0
574,Willy Adames,TB,2021-04-26,field_out,95.2,32,383,Left-Center,0
575,Eddie Rosario,CLE,2021-04-26,double,94.2,34,314,Left,0
577,Mike Trout,LAA,2021-04-26,double,112,17,368,Left-Center,0
578,Freddie Freeman,ATL,2021-04-26,field_out,99,34,377,Left-Center,0
579,Charlie Blackmon,COL,2021-04-26,field_out,101.3,23,367,Right-Center,0
581,Jazz Chisholm Jr.,MIA,2021-04-26,double,86.4,30,307,Right,0
583,Brandon Lowe,TB,2021-04-26,field_out,99.4,48,301,Left-Center,0
584,Alex Kirilloff,MIN,2021-04-26,field_out,99.4,37,355,Center,0
586,Luke Raley,LAD,2021-04-26,field_out,99.2,25,367,Left-Center,0
587,Aaron Hicks,NYY,2021-04-26,field_out,93.4,29,326,Left,0
588,Trevor Story,COL,2021-04-26,field_out,90.6,35,317,Right,0
589,Josh Donaldson,MIN,2021-04-26,field_out,104.7,20,363,Right-Center,0
590,Whit Merrifield,KC,2021-04-26,sac_fly,104.9,19,362,Left-Center,0
591,Mitch Haniger,SEA,2021-04-26,field_out,90.1,40,317,Center,0
594,Rougned Odor,NYY,2021-04-26,field_out,100.4,18,313,Left-Center,0
595,Luis Torrens,SEA,2021-04-26,field_out,107,18,322,Left-Center,0
598,Odúbel Herrera,PHI,2021-04-26,field_out,87.4,30,315,Center,0
602,Adam Duvall,MIA,2021-04-26,field_out,98.7,28,388,Center,0
603,Ramón Laureano,OAK,2021-04-26,field_out,98,43,327,Left-Center,0
605,Evan Longoria,SF,2021-04-26,double,113.2,19,317,Left-Center,0
606,Jared Walsh,LAA,2021-04-26,field_out,101.4,41,361,Right-Center,0
607,Pedro Severino,BAL,2021-04-26,field_out,103.6,42,345,Left-Center,0
608,Austin Hays,BAL,2021-04-26,field_out,93.5,30,341,Right-Center,0
610,Marcell Ozuna,ATL,2021-04-26,field_out,92.7,26,335,Left,0
611,Jorge Polanco,MIN,2021-04-26,sac_fly,95.3,38,315,Left-Center,0
613,Willy Adames,TB,2021-04-26,field_out,90.9,36,339,Right,0
617,Garrett Hampson,COL,2021-04-26,field_out,96,42,314,Right-Center,0
618,Alex Kirilloff,MIN,2021-04-26,double,97,20,314,Left-Center,0
619,Cedric Mullins,BAL,2021-04-26,field_out,93.5,28,325,Left,0
621,José Devers,MIA,2021-04-26,sac_fly,88.6,39,309,Left-Center,0
622,Ty France,SEA,2021-04-26,field_out,94.1,44,306,Right-Center,0
623,Luis Arraez,MIN,2021-04-26,field_out,91.7,26,309,Left,0
626,Andrés Giménez,CLE,2021-04-26,field_out,105.4,16,330,Center,0
627,Niko Goodrum,DET,2021-04-26,field_out,104.1,42,346,Center,0
628,Evan White,SEA,2021-04-26,field_out,100,21,374,Center,0
629,Jesse Winker,CIN,2021-04-26,field_out,96.4,27,362,Center,0
630,Hunter Dozier,KC,2021-04-26,field_out,101.2,18,347,Left-Center,0
631,Albert Pujols,LAA,2021-04-26,field_out,95.1,23,327,Right,0
632,Justin Turner,LAD,2021-04-26,field_out,98.4,22,328,Right-Center,0
633,Ramón Urías,BAL,2021-04-26,field_out,97.6,26,380,Center,0
634,Austin Hays,BAL,2021-04-26,field_out,104.2,36,370,Center,0
636,Myles Straw,HOU,2021-04-26,field_out,90.6,21,323,Left-Center,0
637,Willi Castro,DET,2021-04-26,field_out,97.2,26,314,Left,0
638,Tyrone Taylor,MIL,2021-04-26,field_out,90.3,38,322,Left-Center,0
639,Amed Rosario,CLE,2021-04-26,field_out,89.1,33,323,Right-Center,0
640,Matt Olson,OAK,2021-04-26,field_out,89.1,30,348,Right-Center,0
641,Austin Meadows,TB,2021-04-26,sac_fly,107.1,13,349,Center,0
642,Carlos Correa,HOU,2021-04-26,field_out,93.6,36,302,Right,0
644,Corey Dickerson,MIA,2021-04-26,field_out,91.5,20,312,Center,0
645,Maikel Franco,BAL,2021-04-26,double,89.3,36,307,Right,0
647,Austin Riley,ATL,2021-04-26,field_out,92.2,36,317,Right-Center,0
648,David Dahl,TEX,2021-04-26,field_out,96.3,22,324,Center,0
649,Ramón Laureano,OAK,2021-04-26,double,108.3,15,327,Left-Center,0
650,Jorge Polanco,MIN,2021-04-26,field_out,98,36,350,Center,0
652,Yordan Alvarez,HOU,2021-04-26,double,105.7,21,367,Right-Center,0
654,Aaron Hicks,NYY,2021-04-26,field_out,94.4,34,326,Left,0
655,Nolan Arenado,STL,2021-04-26,field_out,85,25,302,Left-Center,0
657,Kyle Farmer,CIN,2021-04-26,field_out,97.7,29,376,Center,0
658,David Bote,CHC,2021-04-26,field_out,109.2,19,376,Center,0
662,José Ramírez,CLE,2021-04-26,field_out,89.5,21,311,Right-Center,0
663,Jonathan India,CIN,2021-04-26,field_out,99.2,45,304,Right,0
665,Alex Kirilloff,MIN,2021-04-26,field_out,104.6,20,362,Left-Center,0
666,Michael Brantley,HOU,2021-04-26,field_out,90.8,23,303,Left,0
668,Tyler Stephenson,CIN,2021-04-26,field_out,91.1,28,303,Right,0
671,Isiah Kiner-Falefa,TEX,2021-04-26,field_out,91.9,21,335,Center,0
673,Kris Bryant,CHC,2021-04-26,field_out,95,29,393,Center,0
676,Mauricio Dubón,SF,2021-04-26,double,97.8,24,392,Center,0
678,Robbie Grossman,DET,2021-04-26,field_out,100.4,32,359,Right-Center,0
682,Ronald Acuña Jr.,ATL,2021-04-26,field_out,107.1,38,368,Right-Center,0
684,Sam Haggerty,SEA,2021-04-25,field_out,103,39,312,Left-Center,0
685,Giancarlo Stanton,NYY,2021-04-25,field_out,96.4,37,315,Right-Center,0
688,Shohei Ohtani,LAA,2021-04-25,field_out,91,32,352,Center,0
689,Guillermo Heredia,ATL,2021-04-25,field_out,97,36,356,Right-Center,0
690,JaCoby Jones,DET,2021-04-25,field_out,92.1,26,309,Right,0
693,Kyle Seager,SEA,2021-04-25,field_out,99.3,40,303,Right-Center,0
695,Vimael Machín,OAK,2021-04-25,field_out,94.4,42,312,Left,0
697,Dansby Swanson,ATL,2021-04-25,field_out,99.2,17,326,Center,0
698,Carson Kelly,ARI,2021-04-25,field_out,91.4,27,358,Left-Center,0
699,Luis Robert,CWS,2021-04-25,field_out,98.1,37,314,Right-Center,0
700,Mitch Haniger,SEA,2021-04-25,field_out,90,29,302,Right-Center,0
701,Jacob Stallings,PIT,2021-04-25,field_out,91.3,26,348,Left-Center,0
703,Nick Senzel,CIN,2021-04-25,field_out,99.4,16,312,Center,0
705,Wilson Ramos,DET,2021-04-25,single,108.1,17,351,Left,0
706,Josh Fuentes,COL,2021-04-25,sac_fly,100.5,21,370,Center,0
708,Travis d'Arnaud,ATL,2021-04-25,field_out,106.4,36,387,Center,0
710,Scott Schebler,LAA,2021-04-25,field_out,91.3,26,341,Right-Center,0
711,José Abreu,CWS,2021-04-25,sac_fly,96.9,25,300,Right,0
712,Todd Frazier,PIT,2021-04-25,field_out,96.6,36,310,Right,0
713,Byron Buxton,MIN,2021-04-25,field_out,94.3,33,327,Right-Center,0
714,Nelson Cruz,MIN,2021-04-25,field_out,100.4,19,335,Left-Center,0
715,Brandon Lowe,TB,2021-04-25,field_out,92.1,34,332,Left-Center,0
716,Jake Cronenworth,SD,2021-04-25,single,103.7,16,320,Center,0
719,Nick Ahmed,ARI,2021-04-25,field_out,94.8,45,315,Left-Center,0
720,Jared Walsh,LAA,2021-04-25,field_out,89.8,28,305,Left,0
721,Randal Grichuk,TOR,2021-04-25,field_out,95.1,36,344,Right-Center,0
722,Adam Eaton,CWS,2021-04-25,triple,97.6,16,311,Center,0
724,Jason Vosler,SF,2021-04-25,field_out,99.3,28,394,Center,0
725,Josh Bell,WSH,2021-04-25,field_out,95.6,20,317,Left,0
726,Jesse Winker,CIN,2021-04-25,single,97.2,18,302,Center,0
727,Dansby Swanson,ATL,2021-04-25,field_out,92.8,24,356,Left-Center,0
730,Ronald Acuña Jr.,ATL,2021-04-25,field_out,97.1,46,325,Left-Center,0
731,Austin Meadows,TB,2021-04-25,field_out,92.6,39,320,Left-Center,0
732,Trea Turner,WSH,2021-04-25,field_out,100.2,32,358,Right-Center,0
735,Garrett Hampson,COL,2021-04-25,field_out,87.8,27,330,Right-Center,0
736,Kyle Seager,SEA,2021-04-25,field_out,96.5,29,368,Right-Center,0
737,Tim Anderson,CWS,2021-04-25,double,104.9,16,348,Left-Center,0
738,Robbie Grossman,DET,2021-04-25,field_out,94.9,28,374,Center,0
742,Danny Jansen,TOR,2021-04-25,field_out,95,24,351,Right-Center,0
744,Josh Fuentes,COL,2021-04-25,field_out,89.2,36,344,Center,0
745,Leury García,CWS,2021-04-25,field_out,95.3,38,331,Right-Center,0
746,Omar Narváez,MIL,2021-04-25,field_out,92.1,29,324,Left-Center,0
747,Victor Robles,WSH,2021-04-25,double,102.3,17,303,Right-Center,0
748,Christian Vázquez,BOS,2021-04-25,field_out,96.3,25,359,Center,0
749,Jazz Chisholm Jr.,MIA,2021-04-25,field_out,91.7,33,328,Left-Center,0
750,Mike Tauchman,NYY,2021-04-25,double,85.2,31,316,Right,0
751,Lourdes Gurriel Jr.,TOR,2021-04-25,field_out,101,18,374,Center,0
752,Whit Merrifield,KC,2021-04-25,field_out,87,36,320,Center,0
754,Enrique Hernández,BOS,2021-04-25,field_out,94.5,33,319,Right,0
756,Nico Hoerner,CHC,2021-04-25,field_out,100.5,19,346,Center,0
757,Jordan Luplow,CLE,2021-04-25,double,101.7,19,314,Left,0
758,Albert Pujols,LAA,2021-04-25,field_out,92.8,24,333,Right-Center,0
759,Alec Bohm,PHI,2021-04-25,field_out,95.6,24,354,Right,0
761,Jacob Stallings,PIT,2021-04-25,field_out,99,38,338,Center,0
762,Josh Rojas,ARI,2021-04-25,double,96.5,22,310,Right,0
763,Logan Webb,SF,2021-04-25,triple,109,17,388,Right-Center,0
764,Kyle Tucker,HOU,2021-04-25,field_out,97.7,25,373,Right-Center,0
765,Jordan Luplow,CLE,2021-04-25,field_out,92.1,22,340,Left-Center,0
767,Javier Báez,CHC,2021-04-25,field_out,103.3,25,390,Center,0
769,Didi Gregorius,PHI,2021-04-25,field_out,95,19,302,Right,0
770,Freddy Galvis,BAL,2021-04-25,field_out,99.3,40,336,Center,0
771,Dylan Moore,SEA,2021-04-25,double,108.8,17,397,Center,0
776,Albert Almora Jr.,NYM,2021-04-25,field_out,95.2,23,361,Center,0
777,Eddie Rosario,CLE,2021-04-25,field_out,87.8,33,330,Right-Center,0
778,Enrique Hernández,BOS,2021-04-25,field_out,90.6,41,301,Left,0
781,Marwin Gonzalez,BOS,2021-04-25,field_out,85.7,30,312,Right-Center,0
783,Eddie Rosario,CLE,2021-04-25,field_out,84.3,32,311,Right-Center,0
784,Trea Turner,WSH,2021-04-25,field_out,95.9,18,307,Right-Center,0
787,Eugenio Suárez,CIN,2021-04-25,field_out,95.1,29,357,Left-Center,0
788,Eduardo Escobar,ARI,2021-04-25,field_out,93.3,21,344,Center,0
789,Kevin Newman,PIT,2021-04-25,field_out,88.2,39,305,Left,0
793,David Peralta,ARI,2021-04-25,field_out,96.6,18,320,Right,0
794,Vladimir Guerrero Jr.,TOR,2021-04-25,field_out,93.3,31,322,Right,0
795,Austin Meadows,TB,2021-04-25,field_out,99.7,21,344,Center,0
796,Nelson Cruz,MIN,2021-04-25,field_out,101.3,21,354,Center,0
797,Starlin Castro,WSH,2021-04-25,field_out,85.1,27,311,Center,0
798,Justin Turner,LAD,2021-04-25,field_out,98.8,40,346,Center,0
799,José Ramírez,CLE,2021-04-25,field_out,91.9,36,333,Center,0
800,Austin Meadows,TB,2021-04-25,field_out,82.6,34,314,Right,0
801,Eric Hosmer,SD,2021-04-25,sac_fly,99.3,36,352,Left-Center,0
802,Colin Moran,PIT,2021-04-25,sac_fly,93.4,42,306,Center,0
803,Nick Castellanos,CIN,2021-04-25,double,98.6,29,312,Right,0
804,Miguel Cabrera,DET,2021-04-25,field_out,100.7,46,338,Left-Center,0
805,Nick Madrigal,CWS,2021-04-25,triple,94.4,18,319,Left-Center,0
806,Brandon Belt,SF,2021-04-25,sac_fly,106.8,19,333,Left-Center,0
808,Logan Webb,SF,2021-04-25,field_out,104.3,32,377,Center,0
809,Aaron Judge,NYY,2021-04-25,field_out,100.3,20,326,Right,0
810,Kyle Seager,SEA,2021-04-25,field_out,90.7,40,303,Right,0
811,Salvador Perez,KC,2021-04-25,field_out,99.4,32,362,Right-Center,0
813,Bo Bichette,TOR,2021-04-25,field_out,85.8,42,308,Center,0
814,Corey Seager,LAD,2021-04-25,field_out,96.7,30,355,Left-Center,0
815,Justin Turner,LAD,2021-04-25,sac_fly,104.6,18,335,Center,0
817,Luis Campusano,SD,2021-04-25,field_out,96.5,42,310,Center,0
818,Pedro Severino,BAL,2021-04-25,field_out,92.1,36,351,Center,0
821,Anthony Rizzo,CHC,2021-04-25,double,108.9,17,363,Right-Center,0
822,Michael Brantley,HOU,2021-04-25,double,89.6,26,313,Left,0
823,Giancarlo Stanton,NYY,2021-04-25,field_out,98.8,17,314,Right-Center,0
824,Billy McKinney,MIL,2021-04-25,double,105.9,21,371,Right-Center,0
825,Brett Gardner,NYY,2021-04-25,field_out,97.5,42,321,Right-Center,0
828,Kyle Schwarber,WSH,2021-04-25,field_out,95.9,21,316,Left,0
830,J.D. Martinez,BOS,2021-04-25,double,93.7,29,320,Left,0
831,Mark Canha,OAK,2021-04-25,field_out,87.4,32,322,Left,0
832,Kris Bryant,CHC,2021-04-25,field_out,96.9,39,322,Left-Center,0
834,Kolten Wong,MIL,2021-04-25,double,95.1,18,313,Left-Center,0
836,Nick Ahmed,ARI,2021-04-25,double,109.5,20,329,Left,0
840,Cesar Hernandez,CLE,2021-04-24,field_out,102,34,369,Center,0
841,Cam Gallagher,KC,2021-04-24,field_out,92.4,24,341,Right-Center,0
844,Alec Bohm,PHI,2021-04-24,field_out,98.5,18,304,Right,0
845,Aaron Judge,NYY,2021-04-24,field_out,96.3,22,343,Center,0
848,Trey Mancini,BAL,2021-04-24,double,109.9,16,374,Right-Center,0
849,Hanser Alberto,KC,2021-04-24,field_out,95.3,33,346,Center,0
850,Rafael Devers,BOS,2021-04-24,double,101.8,32,359,Left-Center,0
851,Paul DeJong,STL,2021-04-24,field_out,86.4,36,311,Left,0
855,Jorge Soler,KC,2021-04-24,field_out,103,42,313,Left-Center,0
856,Josh Donaldson,MIN,2021-04-24,field_out,97.5,26,332,Right,0
857,Luis Urías,MIL,2021-04-24,field_out,97.2,30,354,Right-Center,0
860,Adolis García,TEX,2021-04-24,field_out,86.1,41,302,Left,0
862,Luis Arraez,MIN,2021-04-24,field_out,99.3,22,353,Center,0
864,Keston Hiura,MIL,2021-04-24,double,109.9,18,316,Left,0
865,JaCoby Jones,DET,2021-04-24,field_out,98.6,41,333,Right-Center,0
866,Jonathan Villar,NYM,2021-04-24,field_out,89.2,29,337,Center,0
867,Carlos Santana,KC,2021-04-24,field_out,96.5,36,314,Right-Center,0
869,Gregory Polanco,PIT,2021-04-24,field_out,96.9,26,360,Center,0
870,Alex Dickerson,SF,2021-04-24,double,101.3,21,360,Left-Center,0
871,Sam Haggerty,SEA,2021-04-24,field_out,105.7,13,308,Center,0
873,Cesar Hernandez,CLE,2021-04-24,field_out,93.3,25,316,Left,0
874,Jonathan India,CIN,2021-04-24,field_out,99.2,45,326,Center,0
876,Anthony Rizzo,CHC,2021-04-24,field_out,92.9,39,331,Left-Center,0
878,Kevin Kiermaier,TB,2021-04-24,field_out,96.9,21,360,Center,0
879,Alec Bohm,PHI,2021-04-24,sac_fly,95.9,27,350,Right,0
880,Yuli Gurriel,HOU,2021-04-24,double,102.6,15,327,Right-Center,0
881,Jorge Soler,KC,2021-04-24,double,112.3,17,338,Left,0
882,Charlie Blackmon,COL,2021-04-24,field_out,86.1,27,336,Right-Center,0
884,Roberto Pérez,CLE,2021-04-24,double,102.2,23,367,Right-Center,0
885,Akil Baddoo,DET,2021-04-24,field_out,99.3,33,355,Center,0
887,Rougned Odor,NYY,2021-04-24,field_out,93.7,28,336,Left,0
888,Adolis García,TEX,2021-04-24,field_out,100.8,24,328,Left,0
889,Phillip Evans,PIT,2021-04-24,field_out,106.8,13,329,Center,0
890,Victor Caratini,SD,2021-04-24,field_out,90,30,339,Right-Center,0
891,Matt Olson,OAK,2021-04-24,field_out,102.9,25,393,Center,0
892,Luis Arraez,MIN,2021-04-24,field_out,85.8,35,302,Left-Center,0
894,Antonio Senzatela,COL,2021-04-24,field_out,87.2,41,317,Center,0
896,Adam Frazier,PIT,2021-04-24,field_out,93.9,26,331,Left-Center,0
898,Nick Madrigal,CWS,2021-04-24,double,98,18,308,Right,0
899,Kevin Newman,PIT,2021-04-24,field_out,93.9,17,317,Left-Center,0
900,Andrew McCutchen,PHI,2021-04-24,field_out,86.7,24,306,Left,0
902,Erik González,PIT,2021-04-24,field_out,98.3,40,331,Center,0
903,Lourdes Gurriel Jr.,TOR,2021-04-24,field_out,101.8,16,300,Left,0
904,Myles Straw,HOU,2021-04-24,field_out,99,16,329,Center,0
905,Garrett Hampson,COL,2021-04-24,field_out,92.1,35,360,Center,0
906,Kyle Schwarber,WSH,2021-04-24,field_out,111.8,19,346,Right,0
907,Sandy León,MIA,2021-04-24,field_out,98.7,34,384,Center,0
910,Sean Murphy,OAK,2021-04-24,field_out,100.3,50,306,Left,0
912,Luis Arraez,MIN,2021-04-24,field_error,89.8,36,305,Left,0
914,Justin Williams,STL,2021-04-24,field_out,91.1,24,315,Left-Center,0
915,Hunter Dozier,KC,2021-04-24,field_out,103.9,23,376,Right-Center,0
916,Alex Dickerson,SF,2021-04-24,field_out,92.6,40,307,Left,0
917,Yermín Mercedes,CWS,2021-04-24,single,112.6,18,329,Left,0
918,Jason Heyward,CHC,2021-04-24,field_out,88.1,22,318,Right-Center,0
919,Chas McCormick,HOU,2021-04-24,field_out,98.4,44,335,Left-Center,0
920,Max Muncy,LAD,2021-04-24,field_out,104.7,25,383,Center,0
921,José Iglesias,LAA,2021-04-24,field_out,95.7,36,343,Right-Center,0
922,Alex Kirilloff,MIN,2021-04-24,field_out,103.9,35,384,Center,0
923,Michael Conforto,NYM,2021-04-24,field_out,104.9,23,318,Right-Center,0
924,Scott Schebler,LAA,2021-04-24,field_out,98.7,21,329,Center,0
926,Xander Bogaerts,BOS,2021-04-24,single,109.5,16,330,Left,0
929,Brandon Belt,SF,2021-04-24,field_out,103.3,19,355,Center,0
930,Rowdy Tellez,TOR,2021-04-24,field_out,93.1,27,334,Left-Center,0
931,Eric Hosmer,SD,2021-04-24,field_out,94.4,28,343,Left-Center,0
932,Jake Cave,MIN,2021-04-24,double,96.8,24,323,Left,0
933,José Marmolejos,SEA,2021-04-24,field_out,84.5,32,316,Center,0
934,Tyler O'Neill,STL,2021-04-24,field_out,112.6,19,330,Left,0
935,Willson Contreras,CHC,2021-04-24,field_out,92.4,38,309,Right,0
936,Kolten Wong,MIL,2021-04-24,field_out,102.5,15,331,Right,0
937,Adolis García,TEX,2021-04-24,field_out,99,29,386,Center,0
938,Alec Bohm,PHI,2021-04-24,field_out,91.1,28,360,Left-Center,0
940,Ty France,SEA,2021-04-24,double,105.4,19,387,Center,0
941,Tyrone Taylor,MIL,2021-04-24,field_out,93.6,21,325,Left,0
942,Rafael Devers,BOS,2021-04-24,double,100.2,26,372,Left-Center,0
943,Francisco Lindor,NYM,2021-04-24,field_out,91.3,23,320,Left-Center,0
944,Garrett Cooper,MIA,2021-04-24,field_out,101.8,28,400,Center,0
945,Kris Bryant,CHC,2021-04-24,field_out,82.9,33,301,Right-Center,0
946,Jared Walsh,LAA,2021-04-24,field_out,91.3,35,330,Right-Center,0
947,Rowdy Tellez,TOR,2021-04-24,double,112.7,13,350,Right-Center,0
949,Travis Shaw,MIL,2021-04-24,field_out,91.8,24,348,Center,0
951,Xander Bogaerts,BOS,2021-04-24,field_out,92,25,319,Right-Center,0
952,Justin Turner,LAD,2021-04-24,field_out,95,23,329,Right-Center,0
954,David Dahl,TEX,2021-04-24,field_out,97.1,45,319,Left-Center,0
956,Brock Holt,TEX,2021-04-24,field_out,98.4,43,358,Center,0
957,Jesse Winker,CIN,2021-04-24,field_out,99.5,32,373,Center,0
958,James McCann,NYM,2021-04-24,field_out,93.2,40,309,Right-Center,0
961,Jed Lowrie,OAK,2021-04-24,field_out,98.6,22,325,Right,0
962,Brandon Lowe,TB,2021-04-24,field_out,109,18,334,Right-Center,0
963,Victor Reyes,DET,2021-04-24,field_out,89.4,32,315,Right,0
964,Didi Gregorius,PHI,2021-04-24,field_out,89.1,36,349,Center,0
966,Nick Solak,TEX,2021-04-24,double,110.6,18,327,Left,0
969,Mark Canha,OAK,2021-04-24,double,97.7,21,321,Right-Center,0
970,Rhys Hoskins,PHI,2021-04-24,field_out,101,20,336,Right,0
972,Yordan Alvarez,HOU,2021-04-24,triple,102.5,19,368,Right-Center,0
973,Corey Dickerson,MIA,2021-04-24,triple,102.6,19,364,Right-Center,0
974,Yermín Mercedes,CWS,2021-04-24,field_out,88,33,301,Right-Center,0
976,Alejandro Kirk,TOR,2021-04-24,field_out,88,35,319,Left,0
978,Tommy Edman,STL,2021-04-24,field_out,95.2,29,360,Left-Center,0
980,Adam Frazier,PIT,2021-04-24,field_out,94.3,27,357,Left-Center,0
981,Adam Duvall,MIA,2021-04-23,field_out,88.1,27,319,Left-Center,0
982,Dansby Swanson,ATL,2021-04-23,triple,95.6,25,351,Left-Center,0
987,Bryce Harper,PHI,2021-04-23,field_out,95,32,368,Center,0
990,Tyrone Taylor,MIL,2021-04-23,double,104,21,344,Left,0
993,Scott Schebler,LAA,2021-04-23,double,100.6,17,326,Left-Center,0
995,David Bote,CHC,2021-04-23,field_out,108.1,17,379,Center,0
997,Freddy Galvis,BAL,2021-04-23,field_out,94.8,25,353,Center,0
999,Luke Weaver,ARI,2021-04-23,field_out,87.3,28,308,Right,0
1000,Kevin Newman,PIT,2021-04-23,field_out,92,30,334,Right-Center,0
1001,Josh Donaldson,MIN,2021-04-23,field_out,95.4,18,324,Center,0
1002,Jose Rojas,LAA,2021-04-23,field_out,95.8,37,346,Center,0
1003,Andrew Vaughn,CWS,2021-04-23,single,104.1,15,305,Center,0
1004,Tyler Stephenson,CIN,2021-04-23,field_out,105.3,17,342,Center,0
1006,Willy Adames,TB,2021-04-23,field_out,103.7,25,382,Right-Center,0
1007,Yadier Molina,STL,2021-04-23,double,102.1,23,372,Right-Center,0
1010,Willians Astudillo,MIN,2021-04-23,field_out,89.9,37,300,Center,0
1012,Isiah Kiner-Falefa,TEX,2021-04-23,field_out,90.6,32,310,Right,0
1016,Manuel Margot,TB,2021-04-23,field_out,89.8,23,304,Right,0
1017,Eduardo Escobar,ARI,2021-04-23,field_out,92.9,23,312,Left-Center,0
1019,Rowdy Tellez,TOR,2021-04-23,field_out,100.4,31,389,Center,0
1020,Alex Kirilloff,MIN,2021-04-23,field_out,93.9,26,362,Center,0
1021,Jordan Luplow,CLE,2021-04-23,field_out,90.7,39,317,Center,0
1022,AJ Pollock,LAD,2021-04-23,field_out,98.5,44,328,Center,0
1024,Michael Brantley,HOU,2021-04-23,field_out,84.8,36,316,Right-Center,0
1026,Josh Bell,WSH,2021-04-23,field_out,94.8,36,336,Center,0
1027,Manny Piña,MIL,2021-04-23,field_out,88.6,25,322,Left,0
1028,Bryan Reynolds,PIT,2021-04-23,field_out,86.5,32,306,Right-Center,0
1034,Jesse Winker,CIN,2021-04-23,field_out,89.6,31,309,Left,0
1036,Ronald Acuña Jr.,ATL,2021-04-23,field_out,112.2,16,334,Center,0
1037,Kevin Newman,PIT,2021-04-23,field_out,86,29,312,Left-Center,0
1040,Corey Seager,LAD,2021-04-23,field_out,85.7,25,313,Right-Center,0
1041,Clint Frazier,NYY,2021-04-23,field_out,101.6,31,386,Center,0
1042,Brandon Crawford,SF,2021-04-23,field_out,92.4,27,341,Center,0
1054,Luis Urías,MIL,2021-04-23,field_out,98.6,25,360,Right-Center,0
1058,Gary Sánchez,NYY,2021-04-23,field_out,88.4,22,303,Left,0
1059,Manny Piña,MIL,2021-04-23,field_out,89.6,35,347,Center,0
1060,Billy McKinney,MIL,2021-04-23,field_out,89.5,24,311,Left-Center,0
1061,Justin Upton,LAA,2021-04-23,field_out,91,25,343,Center,0
1062,Josh Rojas,ARI,2021-04-23,field_out,94.7,21,332,Center,0
1064,Yermín Mercedes,CWS,2021-04-23,double,100.4,21,340,Right-Center,0
1067,Franmil Reyes,CLE,2021-04-23,double,114.9,19,335,Left-Center,0
1068,Victor Caratini,SD,2021-04-23,field_out,96,25,355,Center,0
1069,Yordan Alvarez,HOU,2021-04-23,field_out,100.2,39,358,Center,0
1070,Maikel Franco,BAL,2021-04-23,field_out,92.3,18,328,Center,0
1071,Nolan Arenado,STL,2021-04-23,field_out,90.6,27,331,Right-Center,0
1072,Wilson Ramos,DET,2021-04-23,field_out,98.5,21,335,Left-Center,0
1073,Evan White,SEA,2021-04-23,single,100.9,20,343,Left,0
1075,Albert Pujols,LAA,2021-04-23,field_out,90.3,29,350,Left-Center,0
1076,David Peralta,ARI,2021-04-23,field_out,97.4,41,317,Left-Center,0
1077,Jackie Bradley Jr.,MIL,2021-04-23,field_out,93.6,35,354,Center,0
1079,Matt Chapman,OAK,2021-04-23,field_out,93.8,25,356,Center,0
1082,Max Muncy,LAD,2021-04-23,field_out,101.1,48,303,Center,0
1083,Mauricio Dubón,SF,2021-04-23,field_out,95.8,19,321,Right-Center,0
1085,Jonathan Schoop,DET,2021-04-23,field_out,111,17,351,Left-Center,0
1087,Paul DeJong,STL,2021-04-23,field_out,100.1,42,323,Center,0
1088,Didi Gregorius,PHI,2021-04-23,field_out,91.2,39,325,Center,0
1090,Aaron Judge,NYY,2021-04-23,field_out,105.3,13,302,Center,0
1091,Kyle Seager,SEA,2021-04-23,double,97.7,23,349,Left-Center,0
1093,Jonathan Schoop,DET,2021-04-23,field_out,90.3,26,327,Center,0
1094,Justin Upton,LAA,2021-04-23,field_out,87.5,23,304,Right,0
1095,Luis Urías,MIL,2021-04-23,field_out,104.3,20,331,Right,0
1096,Cesar Hernandez,CLE,2021-04-23,field_out,103.6,18,304,Right,0
1097,Giancarlo Stanton,NYY,2021-04-23,field_out,97.3,31,345,Right-Center,0
1099,Mike Brosseau,TB,2021-04-23,field_out,85,35,322,Left,0
1100,Jonathan India,CIN,2021-04-23,triple,84.7,29,300,Right-Center,0
1101,Pavin Smith,ARI,2021-04-23,double,102.9,22,370,Left-Center,0
1103,Tommy La Stella,SF,2021-04-23,field_out,101.7,41,373,Right-Center,0
1104,Tomás Nido,NYM,2021-04-23,field_out,98.4,18,302,Right-Center,0
1105,Trent Grisham,SD,2021-04-23,field_out,100.5,21,369,Right-Center,0
1107,Jordan Luplow,CLE,2021-04-23,field_out,101.4,37,340,Right-Center,0
1109,Tyler O'Neill,STL,2021-04-23,field_out,90.7,38,311,Right-Center,0
1111,Austin Hays,BAL,2021-04-23,field_out,95.9,24,345,Right,0
1114,Jesús Aguilar,MIA,2021-04-23,field_out,103.7,17,339,Left-Center,0
1115,Hunter Dozier,KC,2021-04-23,field_out,103.6,36,354,Center,0
1117,Anthony Rizzo,CHC,2021-04-23,double,112.6,17,362,Right-Center,0
1118,Andrew McCutchen,PHI,2021-04-23,sac_fly,88.5,31,343,Center,0
1120,Ehire Adrianza,ATL,2021-04-23,field_out,97,23,335,Left-Center,0
1121,Andrés Giménez,CLE,2021-04-23,field_out,100.9,35,357,Right-Center,0
1122,Nico Hoerner,CHC,2021-04-23,double,104.3,20,379,Right-Center,0
1123,Aledmys Díaz,HOU,2021-04-23,field_out,95.7,35,353,Right-Center,0
1125,Andrew Knizner,STL,2021-04-23,field_out,88,31,306,Right-Center,0
1127,Jeff McNeil,NYM,2021-04-23,field_out,95.6,21,311,Right,0
1129,Tomás Nido,NYM,2021-04-23,field_out,105.5,20,330,Right-Center,0
1131,Andrew McCutchen,PHI,2021-04-23,field_out,99,42,373,Center,0
1132,Niko Goodrum,DET,2021-04-23,field_out,96.3,45,302,Center,0
1133,Xander Bogaerts,BOS,2021-04-22,field_out,96.2,29,351,Right-Center,0
1134,Kurt Suzuki,LAA,2021-04-22,field_out,93,35,351,Left-Center,0
1135,Nick Senzel,CIN,2021-04-22,field_out,102,26,394,Center,0
1136,Eric Hosmer,SD,2021-04-22,field_out,91.8,23,332,Left-Center,0
1138,Mookie Betts,LAD,2021-04-22,field_out,94.7,38,340,Left-Center,0
1139,Gregory Polanco,PIT,2021-04-22,field_out,104.1,41,313,Center,0
1140,Manny Machado,SD,2021-04-22,field_out,99.5,32,368,Right-Center,0
1144,Jake Bauers,CLE,2021-04-22,field_out,98.1,17,328,Center,0
1146,Fernando Tatis Jr.,SD,2021-04-22,field_out,106.6,17,360,Center,0
1147,Bryan Reynolds,PIT,2021-04-22,field_out,92.4,36,327,Right,0
1148,Luis Guillorme,NYM,2021-04-22,field_out,91.6,37,316,Left-Center,0
1149,Eddie Rosario,CLE,2021-04-22,field_out,101.6,25,384,Center,0
1150,Sheldon Neuse,LAD,2021-04-22,field_out,100.1,30,375,Center,0
1151,Luis Torrens,SEA,2021-04-22,field_out,96.4,28,364,Center,0
1152,Gleyber Torres,NYY,2021-04-22,single,88.6,23,300,Right-Center,0
1153,Shohei Ohtani,LAA,2021-04-22,field_out,92.5,43,305,Center,0
1154,Kris Bryant,CHC,2021-04-22,double,105.1,21,373,Left-Center,0
1155,Wyatt Mathisen,ARI,2021-04-22,sac_fly,85.3,34,303,Right-Center,0
1156,Nick Senzel,CIN,2021-04-22,field_out,101.6,31,385,Center,0
1158,Ian Happ,CHC,2021-04-22,field_out,100.3,17,306,Right,0
1160,Franmil Reyes,CLE,2021-04-22,triple,104.9,24,375,Center,0
1161,Kyle Higashioka,NYY,2021-04-22,double,97.8,19,307,Right,0
1162,Dominic Smith,NYM,2021-04-22,double,103.3,25,364,Left-Center,0
1163,Enrique Hernández,BOS,2021-04-22,field_out,92.6,42,324,Right-Center,0
1165,Luis Guillorme,NYM,2021-04-22,field_out,97.5,16,313,Center,0
1166,Luis Campusano,SD,2021-04-22,field_out,94.8,33,326,Right,0
1167,Kevin Newman,PIT,2021-04-22,field_out,96.7,31,356,Center,0
1168,Jazz Chisholm Jr.,MIA,2021-04-22,field_out,88.3,30,310,Left,0
1169,AJ Pollock,LAD,2021-04-22,field_out,98.2,22,359,Left-Center,0
1170,Yuli Gurriel,HOU,2021-04-22,field_out,91.3,23,319,Right-Center,0
1171,Mauricio Dubón,SF,2021-04-22,field_out,95.5,31,352,Center,0
1172,Niko Goodrum,DET,2021-04-22,double,93.6,30,365,Right-Center,0
1173,Yordan Alvarez,HOU,2021-04-22,field_out,85.1,36,310,Center,0
1176,Rafael Devers,BOS,2021-04-22,field_out,109.7,18,370,Center,0
1177,Will Smith,LAD,2021-04-22,field_out,100.1,26,380,Center,0
1179,Darin Ruf,SF,2021-04-22,double,109.9,19,331,Left,0
1181,Yordan Alvarez,HOU,2021-04-22,field_out,94.4,43,310,Left,0
1184,Edwin Ríos,LAD,2021-04-22,field_out,100.7,40,335,Left-Center,0
1185,JaCoby Jones,DET,2021-04-22,field_out,89.5,29,300,Right,0
1186,Todd Frazier,PIT,2021-04-22,field_out,95.4,46,303,Center,0
1187,Kyle Lewis,SEA,2021-04-22,field_out,86.7,36,306,Center,0
1188,Mike Yastrzemski,SF,2021-04-22,double,105.8,18,365,Center,0
1190,Tom Murphy,SEA,2021-04-22,field_out,95.5,34,313,Right,0
1191,Eduardo Escobar,ARI,2021-04-22,field_out,99.8,17,327,Center,0
1192,Niko Goodrum,DET,2021-04-22,field_out,104.2,19,347,Left-Center,0
1193,Carlos Correa,HOU,2021-04-22,field_out,91.3,34,317,Right,0
1195,Carlos Correa,HOU,2021-04-22,field_out,91.5,21,312,Center,0
1200,Lewis Brinson,MIA,2021-04-22,field_out,89.4,29,305,Right-Center,0
1202,Nick Castellanos,CIN,2021-04-22,field_out,102,17,321,Right-Center,0
1203,J.D. Davis,NYM,2021-04-22,double,106,21,387,Center,0
1204,Kyle Lewis,SEA,2021-04-22,field_out,95.9,26,372,Center,0
1205,Kyle Lewis,SEA,2021-04-22,field_out,93.8,33,301,Right,0
1207,Tucker Barnhart,CIN,2021-04-22,field_out,102.2,24,351,Right,0
1208,Pavin Smith,ARI,2021-04-22,field_out,97.1,32,332,Left,0
1209,Eduardo Escobar,ARI,2021-04-22,field_out,94.2,30,310,Left-Center,0
1210,Enrique Hernández,BOS,2021-04-22,triple,98.1,40,354,Left-Center,0
1212,Alex Blandino,CIN,2021-04-22,double,102.5,19,355,Left-Center,0
1213,Jeimer Candelario,DET,2021-04-22,field_out,101.3,25,393,Center,0
1215,Mookie Betts,LAD,2021-04-22,field_out,89.6,44,302,Left,0
1218,Pavin Smith,ARI,2021-04-22,field_out,91,44,310,Left,0
1219,Adam Frazier,PIT,2021-04-22,double,102.2,19,341,Right-Center,0
1220,James McCann,NYM,2021-04-22,field_out,101.9,18,315,Right-Center,0
1221,Jonathan India,CIN,2021-04-22,field_out,105.6,39,385,Center,0
1222,Eduardo Escobar,ARI,2021-04-21,field_out,97.6,32,363,Center,0
1223,Nick Solak,TEX,2021-04-21,field_out,101.7,24,355,Left-Center,0
1225,Scott Schebler,LAA,2021-04-21,field_out,99.9,40,340,Left-Center,0
1226,C.J. Cron,COL,2021-04-21,field_out,84.6,39,301,Center,0
1227,Ehire Adrianza,ATL,2021-04-21,sac_fly,89.7,25,327,Center,0
1228,Randal Grichuk,TOR,2021-04-21,field_out,96.5,43,320,Center,0
1229,Buster Posey,SF,2021-04-21,field_out,99.2,42,325,Right,0
1230,Manny Machado,SD,2021-04-21,field_out,107.9,14,344,Left-Center,0
1231,Alex Bregman,HOU,2021-04-21,field_out,86.8,40,310,Right,0
1232,Jesús Aguilar,MIA,2021-04-21,double,100.7,20,373,Left-Center,0
1233,Raimel Tapia,COL,2021-04-21,field_out,90.6,26,320,Left-Center,0
1235,Pedro Severino,BAL,2021-04-21,field_out,92.5,28,361,Center,0
1236,Donovan Solano,SF,2021-04-21,double,107.1,20,329,Left,0
1238,Matt Carpenter,STL,2021-04-21,field_out,92.5,30,365,Center,0
1239,Tyler Naquin,CIN,2021-04-21,sac_fly,94.5,29,346,Center,0
1242,Ryan Mountcastle,BAL,2021-04-21,field_out,86.7,33,313,Center,0
1243,Jonah Heim,TEX,2021-04-21,sac_fly,101.1,20,335,Left,0
1245,Jonathan India,CIN,2021-04-21,sac_fly,94.4,24,326,Left,0
1247,Michael Perez,PIT,2021-04-21,field_out,100.1,23,359,Left-Center,0
1248,Aaron Hicks,NYY,2021-04-21,field_out,101,32,380,Center,0
1249,C.J. Cron,COL,2021-04-21,field_out,101.4,21,354,Right-Center,0
1250,Buster Posey,SF,2021-04-21,double,98,19,305,Left,0
1251,Yuli Gurriel,HOU,2021-04-21,field_out,87.5,39,332,Left-Center,0
1252,Marcus Semien,TOR,2021-04-21,field_out,92.9,46,300,Center,0
1253,Gregory Polanco,PIT,2021-04-21,field_out,116.2,13,308,Right-Center,0
1254,Kyle Tucker,HOU,2021-04-21,field_out,105.6,17,344,Center,0
1255,Manny Machado,SD,2021-04-21,field_out,90.4,20,317,Left-Center,0
1257,Robbie Grossman,DET,2021-04-21,sac_fly,103.2,23,380,Center,0
1258,Alex Dickerson,SF,2021-04-21,field_out,99.5,33,374,Right-Center,0
1262,Brandon Lowe,TB,2021-04-21,field_out,102.6,21,339,Right-Center,0
1263,Josh Harrison,WSH,2021-04-21,field_out,100.9,21,353,Left-Center,0
1264,Raimel Tapia,COL,2021-04-21,field_out,97.9,38,338,Right-Center,0
1269,Joey Votto,CIN,2021-04-21,field_out,90.7,38,308,Left-Center,0
1271,Garrett Hampson,COL,2021-04-21,field_out,82.7,27,305,Right-Center,0
1272,Marwin Gonzalez,BOS,2021-04-21,double,102.9,17,366,Center,0
1273,Chas McCormick,HOU,2021-04-21,field_out,92.3,42,336,Center,0
1274,Guillermo Heredia,ATL,2021-04-21,field_out,87.3,38,313,Left-Center,0
1275,Kyle Farmer,CIN,2021-04-21,field_out,87.5,35,327,Left-Center,0
1276,Jorge Polanco,MIN,2021-04-21,field_out,103.9,30,388,Center,0
1278,Michael Perez,PIT,2021-04-21,field_out,99.8,25,347,Left-Center,0
1279,Anthony Bemboom,LAA,2021-04-21,field_out,90.4,36,307,Left,0
1280,Matt Carpenter,STL,2021-04-21,field_out,101,26,324,Right,0
1281,C.J. Cron,COL,2021-04-21,field_out,88.3,33,327,Right-Center,0
1283,Luis Arraez,MIN,2021-04-21,double,97.6,26,382,Center,0
1285,Kevin Pillar,NYM,2021-04-21,field_out,98.8,32,334,Right,0
1288,Charlie Blackmon,COL,2021-04-21,field_out,95.2,22,340,Right-Center,0
1289,Yandy Díaz,TB,2021-04-21,field_out,91.2,17,317,Left-Center,0
1290,Sandy León,MIA,2021-04-21,field_out,102.3,18,340,Right-Center,0
1291,Sean Murphy,OAK,2021-04-21,field_out,102,49,304,Center,0
1292,Gregory Polanco,PIT,2021-04-21,field_out,96.9,38,329,Left-Center,0
1293,Jonathan Schoop,DET,2021-04-21,field_out,97.6,26,351,Right-Center,0
1295,Alex Avila,WSH,2021-04-21,double,105.8,16,348,Left-Center,0
1296,Josh Donaldson,MIN,2021-04-21,field_out,92.4,27,317,Right-Center,0
1297,J.D. Martinez,BOS,2021-04-21,double,101.6,23,353,Left-Center,0
1298,Anthony Rizzo,CHC,2021-04-21,field_out,94,35,325,Left,0
1299,Billy McKinney,MIL,2021-04-21,field_out,91.2,23,306,Left,0
1300,Mauricio Dubón,SF,2021-04-21,single,105.4,17,323,Left,0
1302,Byron Buxton,MIN,2021-04-21,field_out,108.7,17,349,Right-Center,0
1303,Enrique Hernández,BOS,2021-04-21,field_out,95.1,39,303,Left-Center,0
1304,Matt Chapman,OAK,2021-04-21,field_out,94.3,38,313,Left-Center,0
1306,Ryan McKenna,BAL,2021-04-21,field_out,95.3,24,347,Center,0
1307,Colin Moran,PIT,2021-04-21,field_out,97,37,352,Right-Center,0
1309,Kyle Tucker,HOU,2021-04-21,field_out,88.7,44,321,Right-Center,0
1310,Brent Rooker,MIN,2021-04-21,double,98.4,25,375,Left-Center,0
1312,Byron Buxton,MIN,2021-04-21,field_out,106.9,32,385,Center,0
1314,Pablo Sandoval,ATL,2021-04-21,field_out,87.3,25,325,Center,0
1315,Hanser Alberto,KC,2021-04-21,triple,96.4,25,361,Right-Center,0
1316,Travis d'Arnaud,ATL,2021-04-21,field_out,86.4,30,307,Left,0
1318,Matt Chapman,OAK,2021-04-21,sac_fly,96.5,19,308,Left-Center,0
1319,Adam Duvall,MIA,2021-04-21,field_out,82.5,31,306,Center,0
1321,Phillip Evans,PIT,2021-04-21,field_out,92.4,24,338,Left,0
1322,Freddie Freeman,ATL,2021-04-21,field_out,91.1,36,303,Left-Center,0
1323,Billy McKinney,MIL,2021-04-21,field_out,91.7,41,301,Left,0
1324,Raimel Tapia,COL,2021-04-21,sac_fly,86.8,36,307,Left-Center,0
1325,Yadier Molina,STL,2021-04-21,field_out,95.6,33,316,Right,0
1327,Lewis Brinson,MIA,2021-04-21,single,113.2,14,303,Left,0
1328,Omar Narváez,MIL,2021-04-21,field_out,96,31,370,Right-Center,0
1329,Zack Short,DET,2021-04-21,field_out,96.3,28,371,Center,0
1331,Jesús Aguilar,MIA,2021-04-21,field_out,89.2,27,326,Right-Center,0
1334,Giancarlo Stanton,NYY,2021-04-21,field_out,117.3,12,352,Left-Center,0
1335,Trent Grisham,SD,2021-04-21,field_out,94.3,23,324,Left-Center,0
1339,Byron Buxton,MIN,2021-04-21,double,104.2,22,326,Right,0
1340,Dom Nuñez,COL,2021-04-21,double,99.6,17,300,Left-Center,0
1341,Eduardo Escobar,ARI,2021-04-21,field_out,88.4,32,306,Right,0
1342,Tommy La Stella,SF,2021-04-21,field_out,97.7,36,315,Left-Center,0
1343,Wilson Ramos,DET,2021-04-21,field_out,85.3,38,311,Left-Center,0
1346,Sean Murphy,OAK,2021-04-21,field_out,107.4,21,368,Center,0
1347,Joey Wendle,TB,2021-04-21,double,97.9,22,362,Right-Center,0
1348,Daniel Vogelbach,MIL,2021-04-21,field_out,86.7,39,307,Center,0
1349,Colin Moran,PIT,2021-04-21,field_out,94.4,27,354,Center,0
1350,Maikel Franco,BAL,2021-04-21,field_out,88,27,314,Right,0
1352,Luis Rengifo,LAA,2021-04-21,field_out,97.3,32,377,Left-Center,0
1353,Jake Cronenworth,SD,2021-04-21,field_out,90.4,26,301,Left,0
1354,Jed Lowrie,OAK,2021-04-21,field_out,99.9,20,334,Left-Center,0
1356,Fernando Tatis Jr.,SD,2021-04-21,field_out,96.8,23,336,Left-Center,0
1358,Willy Adames,TB,2021-04-21,field_out,104.5,43,344,Center,0
1359,Javier Báez,CHC,2021-04-21,field_out,92,33,327,Left-Center,0
1361,Albert Pujols,LAA,2021-04-21,field_out,105.6,16,315,Left,0
1365,Paul Goldschmidt,STL,2021-04-21,field_out,89.8,37,307,Center,0
1366,Josh Harrison,WSH,2021-04-21,field_out,95.9,43,314,Left-Center,0
1367,Mike Yastrzemski,SF,2021-04-21,field_out,94.9,26,351,Left-Center,0
1368,Nick Senzel,CIN,2021-04-21,field_out,101.3,19,344,Left,0
1369,Freddie Freeman,ATL,2021-04-21,field_out,93.3,29,339,Right-Center,0
1370,Kole Calhoun,ARI,2021-04-21,field_out,95.4,37,313,Left,0
1371,Isiah Kiner-Falefa,TEX,2021-04-21,field_out,94.1,21,314,Right-Center,0
1373,Matt Olson,OAK,2021-04-21,field_out,107.8,17,344,Left-Center,0
1375,Cedric Mullins,BAL,2021-04-21,field_out,101.6,15,308,Right,0
1377,Adam Frazier,PIT,2021-04-21,field_out,94.6,24,349,Right-Center,0
1380,Jed Lowrie,OAK,2021-04-21,double,98.3,18,308,Right-Center,0
1381,Joey Votto,CIN,2021-04-21,field_out,89.7,29,311,Left-Center,0
1382,Mike Ford,NYY,2021-04-21,field_out,92,27,333,Center,0
1383,Andrew Knapp,PHI,2021-04-21,field_out,97.4,35,343,Left-Center,0
1386,Yoán Moncada,CWS,2021-04-20,double,100.8,16,333,Right-Center,0
1387,Brent Rooker,MIN,2021-04-20,field_out,105.4,19,314,Left-Center,0
1388,Tom Murphy,SEA,2021-04-20,field_out,96.1,34,347,Left-Center,0
1389,Jake Cronenworth,SD,2021-04-20,field_out,90,35,302,Left,0
1390,Joey Votto,CIN,2021-04-20,field_out,105.4,50,311,Right,0
1391,Christian Vázquez,BOS,2021-04-20,field_out,86.3,32,317,Center,0
1392,Corey Seager,LAD,2021-04-20,field_out,101,32,374,Center,0
1393,Kyle Lewis,SEA,2021-04-20,field_out,98.4,27,359,Left-Center,0
1397,Nelson Cruz,MIN,2021-04-20,field_out,104.1,43,336,Center,0
1398,Danny Jansen,TOR,2021-04-20,field_out,94,29,357,Center,0
1400,Jesús Aguilar,MIA,2021-04-20,field_out,92.6,31,348,Center,0
1402,Christian Arroyo,BOS,2021-04-20,double,91.3,25,308,Left,0
1405,Brent Rooker,MIN,2021-04-20,field_out,87.6,28,331,Center,0
1406,Cavan Biggio,TOR,2021-04-20,field_out,86.2,26,315,Center,0
1408,Kyle Tucker,HOU,2021-04-20,field_out,91.9,42,314,Left,0
1409,Enrique Hernández,BOS,2021-04-20,field_out,93.8,44,311,Center,0
1410,Wil Myers,SD,2021-04-20,field_out,91.1,25,306,Left,0
1411,Nick Solak,TEX,2021-04-20,field_out,100.7,22,368,Center,0
1415,Travis d'Arnaud,ATL,2021-04-20,field_out,91.9,29,319,Right,0
1416,Nick Senzel,CIN,2021-04-20,field_out,101.2,24,372,Center,0
1418,Paul DeJong,STL,2021-04-20,field_out,97.1,44,315,Left-Center,0
1420,Vladimir Guerrero Jr.,TOR,2021-04-20,field_out,96.8,19,306,Right,0
1422,Will Smith,LAD,2021-04-20,field_out,98.1,31,363,Center,0
1424,Marwin Gonzalez,BOS,2021-04-20,double,93.9,19,328,Left-Center,0
1427,Kyle Lewis,SEA,2021-04-20,field_out,93,23,332,Center,0
1428,Austin Meadows,TB,2021-04-20,sac_fly,104.9,40,340,Right-Center,0
1429,Carlos Santana,KC,2021-04-20,double,108.1,18,304,Left,0
1431,James McCann,NYM,2021-04-20,field_out,96.6,34,332,Center,0
1432,Guillermo Heredia,ATL,2021-04-20,double,109.7,18,323,Left,0
1433,Kyle Farmer,CIN,2021-04-20,field_out,99.8,37,373,Center,0
1434,Mitch Garver,MIN,2021-04-20,field_out,98.2,24,372,Center,0
1435,Mike Trout,LAA,2021-04-20,double,86.8,29,335,Left-Center,0
1436,Jason Heyward,CHC,2021-04-20,field_out,93.9,19,322,Center,0
1438,Mike Tauchman,NYY,2021-04-20,field_out,94.6,27,364,Center,0
1439,Yan Gomes,WSH,2021-04-20,field_out,87.6,32,329,Center,0
1441,Mark Canha,OAK,2021-04-20,field_out,91.2,37,330,Left,0
1442,Avisaíl García,MIL,2021-04-20,field_out,98.2,25,352,Left-Center,0
1443,Salvador Perez,KC,2021-04-20,field_out,98.7,19,304,Center,0
1445,Ryan Jeffers,MIN,2021-04-20,field_out,83.7,22,302,Left-Center,0
1446,Whit Merrifield,KC,2021-04-20,field_out,97.7,43,314,Left-Center,0
1447,Kurt Suzuki,LAA,2021-04-20,field_out,89.2,29,322,Right,0
1448,Corey Dickerson,MIA,2021-04-20,field_out,94.2,24,318,Left,0
1450,Jeff McNeil,NYM,2021-04-20,field_out,88.3,30,320,Right-Center,0
1452,Joey Wendle,TB,2021-04-20,double,98.2,20,347,Left-Center,0
1453,Amed Rosario,CLE,2021-04-20,field_out,97.4,32,345,Center,0
